ReplicaSet,Solution,Experiment,SmocId,RestoreDurationInSec,VmPeak,VmSize,VmHWM,VmRSS,VmData,DeltaMemoryUsageInKbFromTop,ObjectSize
4,mirrored,1,smoc1,9.979,7100,12388,125876,136156,81132,3536,158240
4,mirrored,1,smoc2,10.062,6180,11752,98536,119476,69404,3559,158240
4,mirrored,1,smoc3,9.037,10060,10600,105884,112812,65720,3535,158560
4,mirrored,1,smoc4,10.037,11464,11004,117452,138884,86800,3560,158560
4,mirrored,1,smoc5,5.264,11716,8124,68100,61492,49104,3558,230400
4,mirrored,2,smoc1,9.315,13684,11780,119684,137980,69732,3557,160080
4,mirrored,2,smoc2,9.18,13916,11340,114000,119540,58772,3537,160080
4,mirrored,2,smoc3,9.196,13684,13204,89684,107064,57908,3557,156720
4,mirrored,2,smoc4,8.592,9204,10520,77964,87576,55812,3534,156720
4,mirrored,2,smoc5,5.213,11932,5076,52592,41736,63484,3544,230400
4,mirrored,3,smoc1,9.056,8704,10080,54992,75256,41464,3559,158960
4,mirrored,3,smoc2,8.497,7296,11472,116988,128052,70668,3538,158960
4,mirrored,3,smoc3,8.397,9168,10644,131616,140088,76120,3534,157840
4,mirrored,3,smoc4,8.923,12596,11368,97360,117908,70508,3559,157840
4,mirrored,3,smoc5,5.327,5568,3808,70984,65264,49420,3559,230400
4,mirrored,4,smoc1,8.648,6276,10096,69188,82328,47632,3537,159840
4,mirrored,4,smoc2,8.22,13916,11780,102264,111792,61648,3540,159840
4,mirrored,4,smoc3,9.259,10016,12312,102816,114352,61596,3539,156960
4,mirrored,4,smoc4,9.358,8972,12972,75456,98364,51820,3559,156960
4,mirrored,4,smoc5,5.157,19068,19068,69384,70204,87552,3547,230400
4,mirrored,5,smoc1,8.65,13132,16400,123732,135256,78620,3541,160200
4,mirrored,5,smoc2,9.163,9912,10776,74424,87240,53932,3540,160200
4,mirrored,5,smoc3,8.712,13916,12012,88944,97100,93400,3540,156600
4,mirrored,5,smoc4,8.066,4504,9028,81000,94844,56784,3541,156600
4,mirrored,5,smoc5,5.551,21288,15268,70260,70168,77488,3547,230400
4,mirrored,6,smoc1,8.992,12672,12600,127408,148700,93624,3558,156640
4,mirrored,6,smoc2,8.644,5100,9848,99308,117720,64220,3543,156640
4,mirrored,6,smoc3,8.772,12504,13036,70356,80920,55204,3534,160160
4,mirrored,6,smoc4,8.56,11636,12024,81108,88340,55104,3533,160160
4,mirrored,6,smoc5,5.389,7912,3728,39804,32680,47320,3558,230400
4,mirrored,7,smoc1,9.382,11040,10520,120840,127112,65080,3535,160400
4,mirrored,7,smoc2,9.203,13500,12136,97464,103828,64104,3538,160400
4,mirrored,7,smoc3,9.367,13064,9752,75888,96704,81120,3553,156400
4,mirrored,7,smoc4,9.162,9148,11628,106132,130004,71720,3553,156400
4,mirrored,7,smoc5,5.328,12860,8608,66200,63104,70880,3547,230400
4,mirrored,8,smoc1,9.2,7012,9388,79472,104988,51916,3556,156840
4,mirrored,8,smoc2,8.504,13732,12368,89040,99024,64468,3536,156840
4,mirrored,8,smoc3,9.142,13732,12860,102640,116292,68544,3555,159960
4,mirrored,8,smoc4,8.71,9104,9688,91740,109924,72692,3556,159960
4,mirrored,8,smoc5,5.213,7768,772,49048,46288,47272,3532,230400
4,mirrored,9,smoc1,9.57,10172,12780,50328,75344,47912,3560,158000
4,mirrored,9,smoc2,9.333,8724,9848,61784,84616,47968,3557,158000
4,mirrored,9,smoc3,9.138,12780,11020,77652,89308,45012,3536,158800
4,mirrored,9,smoc4,9.29,10748,10668,123468,145464,69016,3556,158800
4,mirrored,9,smoc5,4.799,8476,6884,75444,71228,54028,3535,230400
4,mirrored,10,smoc1,8.573,12016,10368,112840,131776,76056,3552,159560
4,mirrored,10,smoc2,8.212,7472,10636,82024,96048,54936,3551,159560
4,mirrored,10,smoc3,8.626,6992,10196,70528,94248,69360,3559,157240
4,mirrored,10,smoc4,8.389,10916,10852,122416,130144,65576,3535,157240
4,mirrored,10,smoc5,5.610,3192,6044,114100,121784,174264,3558,230400
4,conventional,1,smoc1,8.595,12668,11984,131916,138544,78996,3534,230400
4,conventional,1,smoc2,8.948,6672,9736,81928,90008,59116,3539,230400
4,conventional,1,smoc3,8.525,8208,10044,103840,119388,66152,3536,230400
4,conventional,1,smoc4,8.504,12436,12448,84448,97224,57704,3540,230400
4,conventional,1,smoc5,4.081,9088,7948,104364,103164,117600,3545,230400
4,conventional,2,smoc1,10.823,8132,9824,81384,87296,46312,3536,230400
4,conventional,2,smoc2,10.963,10084,11044,64352,82516,65692,3555,230400
4,conventional,2,smoc3,10.96,13732,11532,104044,107396,55344,3535,230400
4,conventional,2,smoc4,10.6,10088,12176,141584,145892,78280,3538,230400
4,conventional,2,smoc5,5.407,15724,9944,79748,77240,60304,3537,230400
4,conventional,3,smoc1,9.0,7228,10624,83652,96076,59276,3543,230400
4,conventional,3,smoc2,8.449,13732,10740,105212,113428,92012,3534,230400
4,conventional,3,smoc3,8.906,7304,11236,68468,98040,56292,3559,230400
4,conventional,3,smoc4,8.846,7336,12008,112680,132476,75868,3552,230400
4,conventional,3,smoc5,4.755,6016,5476,36148,39848,48384,3556,230400
4,conventional,4,smoc1,8.369,13664,12764,107776,115588,60080,3547,230400
4,conventional,4,smoc2,8.95,9456,10404,89932,114772,62500,3557,230400
4,conventional,4,smoc3,8.273,5092,10960,69516,90688,59220,3559,230400
4,conventional,4,smoc4,8.295,10404,8276,84308,110288,53916,3558,230400
4,conventional,4,smoc5,4.815,12120,2868,70396,57188,78972,3538,230400
4,conventional,5,smoc1,8.029,7816,12724,56260,88292,49308,3559,230400
4,conventional,5,smoc2,7.637,11260,10644,78328,87832,77604,3533,230400
4,conventional,5,smoc3,7.488,9608,11112,109856,119604,73024,3538,230400
4,conventional,5,smoc4,7.743,14136,12368,108036,109104,75340,3536,230400
4,conventional,5,smoc5,5.684,3388,1244,33780,32764,80308,3554,230400
4,conventional,6,smoc1,9.031,9068,10520,109628,125376,69840,3543,230400
4,conventional,6,smoc2,9.446,2540,11572,79648,107176,53552,3559,230400
4,conventional,6,smoc3,9.312,10720,10752,98812,118396,61340,3558,230400
4,conventional,6,smoc4,9.36,9460,9724,96940,109904,51080,3542,230400
4,conventional,6,smoc5,5.626,7660,1488,118752,116592,85432,3556,230400
4,conventional,7,smoc1,8.455,6876,11780,173364,182948,93584,3534,230400
4,conventional,7,smoc2,8.48,13056,10832,91724,105552,56244,3537,230400
4,conventional,7,smoc3,8.935,10272,11036,88348,96784,53184,3540,230400
4,conventional,7,smoc4,8.54,8992,10368,122700,133468,72040,3541,230400
4,conventional,7,smoc5,4.932,4676,7112,31412,33312,54548,3555,230400
4,conventional,8,smoc1,9.606,13088,11368,178364,196480,97272,3552,230400
4,conventional,8,smoc2,9.081,13384,11780,57224,82360,55916,3558,230400
4,conventional,8,smoc3,8.878,8292,11712,95588,117752,63608,3545,230400
4,conventional,8,smoc4,9.079,10392,13492,115104,138924,69104,3549,230400
4,conventional,8,smoc5,5.863,7832,5724,92108,92880,129012,3545,230400
4,conventional,9,smoc1,8.877,6800,10248,100668,117316,67376,3556,230400
4,conventional,9,smoc2,8.455,12436,12776,81116,93556,54772,3540,230400
4,conventional,9,smoc3,9.108,6252,8784,63640,83520,45676,3555,230400
4,conventional,9,smoc4,9.255,9760,10752,72772,82468,70032,3538,230400
4,conventional,9,smoc5,4.636,13936,13952,68244,69556,72076,3542,230400
4,conventional,10,smoc1,11.804,7880,11912,98228,112292,66468,3555,230400
4,conventional,10,smoc2,10.919,15532,17956,47092,56184,52028,3540,230400
4,conventional,10,smoc3,11.504,6476,10504,72560,100356,59756,3553,230400
4,conventional,10,smoc4,11.36,8628,12240,90388,96944,47520,3538,230400
4,conventional,10,smoc5,5.785,9996,4124,49960,63024,69720,3553,230400
4,distributed,1,smoc1,9.347,11172,10740,98080,106844,65088,3538,122880
4,distributed,1,smoc2,10.517,12688,9816,112356,119896,62464,3536,121880
4,distributed,1,smoc3,9.855,12420,12340,136308,144120,79796,3533,123800
4,distributed,1,smoc4,9.871,7328,7856,132696,140040,95624,3541,121040
4,distributed,1,smoc5,5.412,7192,2724,75356,75820,69604,3538,230400
4,distributed,2,smoc1,8.535,11696,10168,63868,76972,54292,3558,122800
4,distributed,2,smoc2,9.354,8436,9348,107492,117804,60036,3539,121960
4,distributed,2,smoc3,9.323,2556,10240,94964,115116,69252,3544,121200
4,distributed,2,smoc4,9.076,8300,10768,108452,130236,83932,3555,123640
4,distributed,2,smoc5,5.319,12028,9828,57752,57532,62416,3543,230400
4,distributed,3,smoc1,9.474,12836,12944,118340,139452,79396,3550,121360
4,distributed,3,smoc2,9.238,7012,5892,111628,130668,77896,3555,123720
4,distributed,3,smoc3,8.71,8992,10284,97296,110268,61796,3535,123000
4,distributed,3,smoc4,9.524,10412,10600,85744,94692,81696,3539,121520
4,distributed,3,smoc5,6.444,9684,4076,47952,49264,59868,3558,230400
4,distributed,4,smoc1,9.131,13500,11300,121408,126852,70204,3536,123520
4,distributed,4,smoc2,9.606,13500,11124,94676,111436,58552,3553,121000
4,distributed,4,smoc3,9.598,12952,13436,66840,89676,54740,3556,123080
4,distributed,4,smoc4,8.82,8936,11300,85064,95308,53528,3538,122000
4,distributed,4,smoc5,4.782,15412,10800,58228,55004,61996,3547,230400
4,distributed,5,smoc1,9.048,13120,11012,100428,110692,63180,3535,123560
4,distributed,5,smoc2,8.556,1276,12844,58540,87320,46736,3556,120720
4,distributed,5,smoc3,8.508,8600,12196,102268,111444,64024,3538,122080
4,distributed,5,smoc4,8.646,13452,13220,80972,89652,52244,3532,123240
4,distributed,5,smoc5,5.127,10308,4180,85964,79528,74324,3546,230400
4,distributed,6,smoc1,9.492,8844,11984,118204,139944,75380,3558,122480
4,distributed,6,smoc2,9.664,8540,9796,88348,108748,91488,3555,121440
4,distributed,6,smoc3,9.221,11692,10216,147568,156928,86596,3536,123080
4,distributed,6,smoc4,8.808,8368,11544,130580,137964,76784,3539,122600
4,distributed,6,smoc5,5.862,13768,8764,138532,135784,145016,3536,230400
4,distributed,7,smoc1,8.85,6020,10020,96852,113952,63468,3540,120720
4,distributed,7,smoc2,9.455,8248,10752,93864,104160,59424,3537,124000
4,distributed,7,smoc3,9.255,3552,10408,66584,91532,53756,3562,122600
4,distributed,7,smoc4,9.509,11956,9960,55896,82544,59772,3562,122280
4,distributed,7,smoc5,5.910,16288,16032,62676,63904,102668,3536,230400
4,distributed,8,smoc1,9.231,8332,12352,128684,154012,77960,3557,123400
4,distributed,8,smoc2,8.942,9500,10040,107508,115740,70948,3538,122480
4,distributed,8,smoc3,9.42,14192,13060,90476,99472,50664,3538,123040
4,distributed,8,smoc4,8.47,5844,9388,77780,89868,56312,3539,120680
4,distributed,8,smoc5,5.651,6676,2064,84656,81716,69892,3544,230400
4,distributed,9,smoc1,8.187,11344,10168,78256,84480,56256,3534,122080
4,distributed,9,smoc2,8.731,12836,12776,82212,91728,57108,3536,123880
4,distributed,9,smoc3,8.381,7172,10620,92136,100500,60408,3535,122400
4,distributed,9,smoc4,8.576,7464,9044,131944,142192,81716,3536,121240
4,distributed,9,smoc5,6.079,10448,7088,50176,52776,30280,3539,230400
4,distributed,10,smoc1,8.516,6720,9776,124716,145388,80584,3558,121640
4,distributed,10,smoc2,8.499,13500,10812,97864,109020,51804,3538,124040
4,distributed,10,smoc3,8.753,14820,14204,59644,78696,73564,3556,121440
4,distributed,10,smoc4,8.379,11588,11244,93624,115540,59656,3561,122480
4,distributed,10,smoc5,5.858,10960,11344,79784,84540,72316,3536,230400
4,centralized,1,smoc1,11.461,6104,9144,104620,117536,66240,3539,86400
4,centralized,1,smoc2,11.635,12844,13012,153412,154444,94612,3531,86400
4,centralized,1,smoc3,11.499,10996,11608,117540,119488,62892,3531,86400
4,centralized,1,smoc4,11.177,9156,9776,110996,116648,66076,3532,86400
4,centralized,1,smoc5,5.448,14060,14568,97728,99360,107144,3544,86400
4,centralized,2,smoc1,9.169,6708,11572,101856,128380,69216,3556,86400
4,centralized,2,smoc2,8.259,5336,10564,127752,140420,73764,3541,86400
4,centralized,2,smoc3,8.065,17848,16992,103712,105420,56348,3527,86400
4,centralized,2,smoc4,8.858,8180,11036,95304,109032,58164,3539,86400
4,centralized,2,smoc5,4.477,8768,8008,61508,62852,68104,3537,86400
4,centralized,3,smoc1,9.126,11940,11860,82448,103608,55840,3555,86400
4,centralized,3,smoc2,8.478,13684,10804,86336,96048,58652,3538,86400
4,centralized,3,smoc3,8.922,5380,9308,52944,77516,45872,3562,86400
4,centralized,3,smoc4,8.213,13500,10304,124708,132448,95596,3538,86400
4,centralized,3,smoc5,4.404,8388,12232,42928,49944,56248,3547,86400
4,centralized,4,smoc1,9.423,10596,10240,75496,84576,57772,3538,86400
4,centralized,4,smoc2,8.659,11008,10972,98820,106588,53104,3536,86400
4,centralized,4,smoc3,9.271,13388,11548,104656,114532,74508,3538,86400
4,centralized,4,smoc4,9.177,8736,9984,131140,138004,79364,3535,86400
4,centralized,4,smoc5,4.380,10060,9768,31356,29164,44212,3555,86400
4,centralized,5,smoc1,8.743,10744,12780,87592,108696,59224,3556,86400
4,centralized,5,smoc2,9.01,7132,12204,100540,111400,61380,3547,86400
4,centralized,5,smoc3,8.741,4700,10984,75916,93696,56424,3540,86400
4,centralized,5,smoc4,8.879,13676,13012,69720,90728,53664,3554,86400
4,centralized,5,smoc5,4.329,4804,4692,28468,32900,43712,3557,86400
4,centralized,6,smoc1,7.998,13732,11204,117828,127768,78116,3536,86400
4,centralized,6,smoc2,8.279,11708,13188,73212,83184,54532,3532,86400
4,centralized,6,smoc3,8.054,7344,9340,94284,110104,52028,3556,86400
4,centralized,6,smoc4,8.49,7556,9688,94972,106640,64436,3539,86400
4,centralized,6,smoc5,5.192,20180,10776,81972,74144,82908,3544,86400
4,centralized,7,smoc1,8.875,9104,11504,117196,132060,67080,3544,86400
4,centralized,7,smoc2,9.646,7404,10644,75384,85376,48196,3539,86400
4,centralized,7,smoc3,9.314,5684,9764,70092,89856,48228,3559,86400
4,centralized,7,smoc4,9.649,9932,12012,63156,90400,61240,3556,86400
4,centralized,7,smoc5,4.645,6904,8648,69928,71612,109356,3538,86400
4,centralized,8,smoc1,8.89,2860,10008,76364,95728,56184,3541,86400
4,centralized,8,smoc2,8.431,9984,8144,95748,105600,57240,3540,86400
4,centralized,8,smoc3,8.277,8120,11896,88188,98392,57336,3534,86400
4,centralized,8,smoc4,8.728,12892,10740,67148,86864,59632,3558,86400
4,centralized,8,smoc5,4.919,8228,8012,52000,52008,71060,3558,86400
4,centralized,9,smoc1,9.495,544,9452,78140,109032,60520,3557,86400
4,centralized,9,smoc2,8.607,13684,11532,60516,80156,52916,3558,86400
4,centralized,9,smoc3,8.825,11528,13244,67128,77724,45936,3535,86400
4,centralized,9,smoc4,8.684,9740,10752,81244,97696,64340,3555,86400
4,centralized,9,smoc5,4.615,5336,2204,71120,68820,51144,3535,86400
4,centralized,10,smoc1,8.834,13500,11044,109456,117040,61268,3533,86400
4,centralized,10,smoc2,8.95,5532,9712,118652,128064,73752,3536,86400
4,centralized,10,smoc3,8.937,12300,10196,81420,89816,75912,3541,86400
4,centralized,10,smoc4,9.555,5636,10740,90900,117760,61188,3557,86400
4,centralized,10,smoc5,4.486,4712,12324,67732,74620,53888,3542,86400
6,centralized,1,smoc1,13.53,1404,9752,51728,81064,48928,3556,86400
6,centralized,1,smoc2,12.363,7664,9564,67564,75304,68560,3535,86400
6,centralized,1,smoc3,13.213,11480,10556,118712,122928,66468,3535,86400
6,centralized,1,smoc4,11.903,7052,5740,130044,137264,72600,3533,86400
6,centralized,1,smoc5,12.729,12796,9356,105160,127052,71012,3556,86400
6,centralized,1,smoc6,12.766,14200,14168,110888,113368,98464,3533,86400
6,centralized,1,smoc7,4.412,3816,1880,88508,88968,112180,3556,86400
6,centralized,2,smoc1,13.589,15156,11944,119100,118904,74232,3530,86400
6,centralized,2,smoc2,13.967,13500,8576,98532,98500,65436,3534,86400
6,centralized,2,smoc3,13.017,8184,9564,77232,102316,54860,3561,86400
6,centralized,2,smoc4,13.67,10516,11324,117372,123080,71808,3533,86400
6,centralized,2,smoc5,14.388,8868,10456,111040,119528,67016,3536,86400
6,centralized,2,smoc6,13.547,7504,7548,119740,140044,74744,3547,86400
6,centralized,2,smoc7,4.632,11504,3708,73628,67908,112504,3551,86400
6,centralized,3,smoc1,14.583,12456,10772,116380,128728,71300,3553,86400
6,centralized,3,smoc2,14.273,11464,11012,61328,89424,47704,3559,86400
6,centralized,3,smoc3,14.406,9080,9560,117636,142180,88532,3558,86400
6,centralized,3,smoc4,13.922,13180,10100,101336,106816,56080,3536,86400
6,centralized,3,smoc5,14.077,12144,7716,75680,85412,46568,3540,86400
6,centralized,3,smoc6,14.224,13240,12776,109976,118232,69504,3535,86400
6,centralized,3,smoc7,4.575,3568,6492,36676,43888,72908,3554,86400
6,centralized,4,smoc1,14.326,8604,10256,68520,98956,54000,3559,86400
6,centralized,4,smoc2,13.885,13500,10476,149936,149580,78324,3531,86400
6,centralized,4,smoc3,14.314,11868,10148,73884,97104,52476,3557,86400
6,centralized,4,smoc4,14.059,13712,10056,123232,125432,67480,3533,86400
6,centralized,4,smoc5,14.223,9764,11036,126160,137952,78656,3536,86400
6,centralized,4,smoc6,14.006,13392,13036,71536,81160,53572,3533,86400
6,centralized,4,smoc7,4.448,7212,6668,71056,71056,55020,3537,86400
6,centralized,5,smoc1,14.056,940,11572,112548,135788,80040,3548,86400
6,centralized,5,smoc2,13.03,13164,11548,116016,118644,60128,3533,86400
6,centralized,5,smoc3,13.906,9628,10112,96604,115208,66736,3543,86400
6,centralized,5,smoc4,14.385,9196,9544,80936,88140,51876,3554,86400
6,centralized,5,smoc5,13.648,13228,10520,79388,88976,50992,3535,86400
6,centralized,5,smoc6,14.007,7036,10820,75268,82024,56248,3535,86400
6,centralized,5,smoc7,4.432,10092,10028,58484,57372,59520,3543,86400
6,centralized,6,smoc1,13.403,10496,14652,78340,82728,57180,3533,86400
6,centralized,6,smoc2,13.625,7092,9980,99944,106032,57380,3533,86400
6,centralized,6,smoc3,14.086,8952,9764,81516,104644,54624,3560,86400
6,centralized,6,smoc4,14.248,13500,10804,74212,87000,57804,3543,86400
6,centralized,6,smoc5,14.495,12660,11220,127620,135208,77972,3534,86400
6,centralized,6,smoc6,13.274,12932,13012,98816,105592,65220,3534,86400
6,centralized,6,smoc7,4.509,4328,544,57280,57260,63012,3535,86400
6,centralized,7,smoc1,13.183,6616,10484,51784,73912,41320,3554,86400
6,centralized,7,smoc2,13.758,12808,10340,133252,141256,77708,3553,86400
6,centralized,7,smoc3,13.902,7452,9252,97024,107172,57084,3555,86400
6,centralized,7,smoc4,12.616,8384,6056,108364,125232,73440,3548,86400
6,centralized,7,smoc5,13.851,12980,10416,117284,117504,67172,3532,86400
6,centralized,7,smoc6,14.121,9816,7604,90776,107340,54716,3548,86400
6,centralized,7,smoc7,5.052,6820,5324,45940,45976,64380,3539,86400
6,centralized,8,smoc1,13.629,13904,10600,74960,91280,53180,3549,86400
6,centralized,8,smoc2,13.302,12100,11076,156128,156656,94780,3532,86400
6,centralized,8,smoc3,13.09,7280,9320,88312,99272,48088,3536,86400
6,centralized,8,smoc4,13.6,7332,10072,40208,73256,61644,3559,86400
6,centralized,8,smoc5,12.852,11400,8576,68664,92364,56524,3559,86400
6,centralized,8,smoc6,14.599,13452,11448,111360,121372,70940,3550,86400
6,centralized,8,smoc7,5.087,7360,5240,73280,77868,55672,3536,86400
6,centralized,9,smoc1,13.294,18004,16820,106080,109028,70556,3537,86400
6,centralized,9,smoc2,14.056,8808,10072,98584,126216,67180,3557,86400
6,centralized,9,smoc3,13.996,13076,11036,121364,121276,66876,3532,86400
6,centralized,9,smoc4,12.762,14172,13476,89324,88284,59256,3531,86400
6,centralized,9,smoc5,13.396,13232,13204,63948,87428,47636,3556,86400
6,centralized,9,smoc6,13.186,8504,9984,100100,106612,61084,3533,86400
6,centralized,9,smoc7,4.735,0,2360,41968,42400,58160,3535,86400
6,centralized,10,smoc1,13.321,11696,11240,137116,141664,86944,3529,86400
6,centralized,10,smoc2,14.784,12764,10540,135968,143340,79416,3535,86400
6,centralized,10,smoc3,14.105,7732,9720,123592,134104,67136,3555,86400
6,centralized,10,smoc4,15.062,6656,6324,73060,86004,45804,3551,86400
6,centralized,10,smoc5,13.911,9456,11024,105608,116872,65632,3537,86400
6,centralized,10,smoc6,13.64,13268,10640,67132,71640,57636,3532,86400
6,centralized,10,smoc7,5.942,12368,12116,128700,128428,115696,3554,86400
6,distributed,1,smoc1,15.188,10684,11680,81532,108472,57624,3555,110240
6,distributed,1,smoc2,15.7,5840,8200,48804,72180,40296,3560,109800
6,distributed,1,smoc3,15.324,13684,8624,75172,75836,50832,3536,111360
6,distributed,1,smoc4,14.595,13684,11172,77132,85792,57628,3554,111000
6,distributed,1,smoc5,15.547,13268,10816,89388,100880,53352,3539,110440
6,distributed,1,smoc6,14.879,8120,10752,102120,112540,66972,3538,109560
6,distributed,1,smoc7,5.845,26408,18724,139892,137912,103364,3550,230400
6,distributed,2,smoc1,13.663,6780,9572,136408,143588,81052,3535,110600
6,distributed,2,smoc2,13.85,6056,10804,68544,92292,59836,3560,109360
6,distributed,2,smoc3,13.964,11672,10520,99904,107148,57144,3552,109080
6,distributed,2,smoc4,14.058,12452,10724,70960,84388,48980,3541,111600
6,distributed,2,smoc5,14.331,13916,11780,98956,101500,59024,3552,111600
6,distributed,2,smoc6,13.478,13248,9340,121696,124284,65556,3531,110160
6,distributed,2,smoc7,6.832,8992,2500,90372,90120,71008,3541,230400
6,distributed,3,smoc1,13.481,17676,12520,106524,109280,62496,3531,110000
6,distributed,3,smoc2,13.371,7784,12008,48448,69040,60528,3558,111040
6,distributed,3,smoc3,14.077,8652,11504,100744,114460,65560,3552,110040
6,distributed,3,smoc4,13.955,11840,11008,132336,135072,68264,3532,110520
6,distributed,3,smoc5,13.118,10232,10508,85176,88456,46824,3532,110160
6,distributed,3,smoc6,14.002,7912,6000,79104,85892,55256,3533,110640
6,distributed,3,smoc7,6.680,13900,9032,55264,52276,68784,3546,230400
6,distributed,4,smoc1,13.108,7404,11984,76280,103132,61928,3557,111240
6,distributed,4,smoc2,13.834,4656,10200,90816,100688,62056,3554,109200
6,distributed,4,smoc3,13.817,6956,10424,73712,82464,45724,3535,109920
6,distributed,4,smoc4,13.641,13864,9600,78096,86424,48444,3533,110760
6,distributed,4,smoc5,14.331,13732,10572,58680,62512,57224,3532,110160
6,distributed,4,smoc6,13.555,13500,11532,93300,98492,56272,3534,111120
6,distributed,4,smoc7,6.332,11004,9940,92548,91824,145460,3549,230400
6,distributed,5,smoc1,14.7,9100,11752,87420,97148,60092,3536,109160
6,distributed,5,smoc2,13.868,7292,9784,88644,92880,51280,3534,110480
6,distributed,5,smoc3,15.153,7156,9592,70428,81028,73448,3540,110760
6,distributed,5,smoc4,14.856,9696,10304,56164,82028,45892,3556,110360
6,distributed,5,smoc5,14.142,11664,10612,92368,105472,63420,3536,109920
6,distributed,5,smoc6,14.469,5396,10040,126236,141924,82260,3539,111720
6,distributed,5,smoc7,5.888,12276,9640,119056,117092,145340,3545,230400
6,distributed,6,smoc1,14.574,10752,9388,109708,115304,54704,3533,108840
6,distributed,6,smoc2,13.517,9348,10752,56100,82236,47368,3557,109880
6,distributed,6,smoc3,13.402,9736,10368,95864,105076,58256,3532,111080
6,distributed,6,smoc4,13.51,8932,11268,71904,100112,56404,3557,110560
6,distributed,6,smoc5,14.405,11208,10772,95920,106004,56424,3537,110160
6,distributed,6,smoc6,13.151,11420,10172,135148,138528,70076,3531,111880
6,distributed,6,smoc7,5.997,8612,3764,125292,122836,177368,3536,230400
6,distributed,7,smoc1,13.886,6728,9720,109276,119100,62208,3531,110240
6,distributed,7,smoc2,13.736,12412,12148,46712,54968,48804,3539,110520
6,distributed,7,smoc3,13.491,572,9720,95500,118220,65520,3545,108240
6,distributed,7,smoc4,13.071,10212,11396,131468,139408,86088,3536,111120
6,distributed,7,smoc5,12.535,16768,16784,78772,87580,50056,3539,111080
6,distributed,7,smoc6,14.653,7376,11236,79772,91568,47160,3554,111200
6,distributed,7,smoc7,5.670,12436,15196,40472,47648,80812,3561,230400
6,distributed,8,smoc1,14.212,8652,11356,55488,85844,49400,3556,109000
6,distributed,8,smoc2,13.854,6052,9044,90320,108740,57612,3545,110520
6,distributed,8,smoc3,13.296,10544,11308,133056,138336,79368,3534,111520
6,distributed,8,smoc4,13.213,11060,10824,67320,86300,45780,3555,110400
6,distributed,8,smoc5,13.64,5032,10508,72748,86912,49788,3540,110240
6,distributed,8,smoc6,13.107,10652,11556,93208,99928,55012,3534,110720
6,distributed,8,smoc7,5.513,17572,13392,83556,82880,54980,3547,230400
6,distributed,9,smoc1,13.534,10424,12600,65252,90208,71172,3557,109600
6,distributed,9,smoc2,14.756,7492,11752,117912,122516,70348,3535,109600
6,distributed,9,smoc3,13.318,12900,9552,52604,55732,45592,3530,111080
6,distributed,9,smoc4,14.32,13008,10676,63632,82584,49764,3553,110920
6,distributed,9,smoc5,14.215,4296,12860,42992,57076,58164,3541,111640
6,distributed,9,smoc6,14.144,12336,13496,96064,101352,58604,3531,109560
6,distributed,9,smoc7,6.276,5584,1892,47100,46852,59308,3557,230400
6,distributed,10,smoc1,13.154,13268,10748,100212,107820,57968,3533,109640
6,distributed,10,smoc2,13.356,10960,8656,105640,112948,66100,3535,110560
6,distributed,10,smoc3,13.338,13480,10928,57816,73668,54572,3559,110920
6,distributed,10,smoc4,13.347,12504,10256,41276,57812,54660,3556,109480
6,distributed,10,smoc5,13.657,1968,10212,149764,170328,86528,3549,110440
6,distributed,10,smoc6,14.238,12020,10492,98360,113236,62960,3546,111360
6,distributed,10,smoc7,5.671,8460,11648,55336,59228,69452,3553,230400
6,conventional,1,smoc1,14.193,10308,13012,106912,125944,62664,3559,230400
6,conventional,1,smoc2,13.237,16392,12780,76796,83276,40440,3538,230400
6,conventional,1,smoc3,13.546,8920,10720,108588,118024,61312,3543,230400
6,conventional,1,smoc4,13.977,6972,9572,89952,112460,58108,3556,230400
6,conventional,1,smoc5,13.627,13684,11548,97260,99824,63988,3553,230400
6,conventional,1,smoc6,13.048,12736,10564,89192,92136,52828,3531,230400
6,conventional,1,smoc7,5.470,9228,4408,76272,77832,71460,3532,230400
6,conventional,2,smoc1,13.264,8080,10136,109592,132372,67980,3553,230400
6,conventional,2,smoc2,12.829,6712,9048,99188,108828,69020,3536,230400
6,conventional,2,smoc3,13.88,16540,15508,118520,123056,64932,3532,230400
6,conventional,2,smoc4,13.424,7824,10520,98480,108136,56776,3537,230400
6,conventional,2,smoc5,13.982,11016,13204,88984,109412,64232,3552,230400
6,conventional,2,smoc6,13.477,10892,12012,54672,79824,45564,3553,230400
6,conventional,2,smoc7,5.759,8512,12552,66788,75020,100392,3555,230400
6,conventional,3,smoc1,12.644,8328,7316,99220,104296,62960,3535,230400
6,conventional,3,smoc2,13.449,14116,9404,155656,161876,86872,3538,230400
6,conventional,3,smoc3,13.514,8908,9492,56292,82236,44524,3561,230400
6,conventional,3,smoc4,13.767,8344,10368,77604,87236,58344,3535,230400
6,conventional,3,smoc5,13.763,7368,8044,82668,93612,50792,3540,230400
6,conventional,3,smoc6,13.807,10712,10784,72892,84212,48412,3543,230400
6,conventional,3,smoc7,4.979,9128,5640,113348,113236,90868,3535,230400
6,conventional,4,smoc1,13.659,8676,10172,80988,87356,52624,3535,230400
6,conventional,4,smoc2,13.591,12460,11432,90336,102976,58724,3551,230400
6,conventional,4,smoc3,13.166,12584,10744,101436,106748,58380,3533,230400
6,conventional,4,smoc4,13.552,1888,10504,96560,121444,69644,3557,230400
6,conventional,4,smoc5,13.416,13220,11680,182840,185080,100156,3532,230400
6,conventional,4,smoc6,13.561,13200,13456,87640,111392,60728,3556,230400
6,conventional,4,smoc7,6.199,9800,2604,63848,67092,59072,3534,230400
6,conventional,5,smoc1,13.842,13732,13268,87788,94900,50092,3544,230400
6,conventional,5,smoc2,12.816,11636,10368,91636,96048,51232,3538,230400
6,conventional,5,smoc3,13.73,8376,10304,87592,113520,58252,3556,230400
6,conventional,5,smoc4,13.508,16468,11808,110000,114360,56544,3538,230400
6,conventional,5,smoc5,13.163,13732,11240,80512,82716,70576,3535,230400
6,conventional,5,smoc6,12.104,15476,13484,105572,105924,70216,3537,230400
6,conventional,5,smoc7,4.771,4104,1656,52276,47012,65224,3554,230400
6,conventional,6,smoc1,13.36,7172,10444,129200,138812,71592,3535,230400
6,conventional,6,smoc2,13.845,16212,12576,130052,151168,88448,3558,230400
6,conventional,6,smoc3,14.009,13732,11860,77156,81936,74564,3535,230400
6,conventional,6,smoc4,14.465,8656,9108,100044,120924,59416,3558,230400
6,conventional,6,smoc5,13.744,10260,11432,123872,129084,68536,3532,230400
6,conventional,6,smoc6,14.026,3676,9868,90696,109260,54592,3548,230400
6,conventional,6,smoc7,4.990,2104,1164,66524,61968,25660,3535,230400
6,conventional,7,smoc1,13.865,13916,10540,117200,132400,82164,3559,230400
6,conventional,7,smoc2,14.051,11492,10368,67704,75712,72408,3551,230400
6,conventional,7,smoc3,13.554,7076,10724,56120,67944,62180,3537,230400
6,conventional,7,smoc4,13.203,8608,8012,84184,87880,78596,3531,230400
6,conventional,7,smoc5,13.704,8516,10520,69996,101932,50296,3562,230400
6,conventional,7,smoc6,13.578,9156,10012,175712,180696,95392,3533,230400
6,conventional,7,smoc7,4.803,7812,1516,82404,77732,52568,3537,230400
6,conventional,8,smoc1,14.647,12660,11048,103560,108744,76084,3539,230400
6,conventional,8,smoc2,13.967,15496,11968,112048,117540,67452,3534,230400
6,conventional,8,smoc3,14.599,12788,10648,83992,103868,56200,3560,230400
6,conventional,8,smoc4,14.419,11192,11116,59496,77284,49680,3557,230400
6,conventional,8,smoc5,13.848,11080,9984,56380,68940,59072,3537,230400
6,conventional,8,smoc6,14.655,7068,9492,101912,115164,65536,3542,230400
6,conventional,8,smoc7,4.751,3992,2596,60996,59976,69480,3536,230400
6,conventional,9,smoc1,13.115,13500,12600,95304,103796,86204,3556,230400
6,conventional,9,smoc2,12.946,11660,10804,112496,119840,63012,3556,230400
6,conventional,9,smoc3,12.871,13664,12012,80980,90876,56464,3553,230400
6,conventional,9,smoc4,13.111,13988,13896,59396,62524,49160,3539,230400
6,conventional,9,smoc5,13.07,8112,10276,91940,100092,60424,3533,230400
6,conventional,9,smoc6,12.914,11252,13532,122388,129196,78524,3533,230400
6,conventional,9,smoc7,4.817,8452,6148,113788,116304,141640,3534,230400
6,conventional,10,smoc1,14.016,14764,10832,86212,94472,56088,3539,230400
6,conventional,10,smoc2,14.009,10576,9356,81628,99528,46548,3553,230400
6,conventional,10,smoc3,14.433,13280,13012,63316,83836,45048,3555,230400
6,conventional,10,smoc4,13.552,11964,10868,128680,134632,69188,3539,230400
6,conventional,10,smoc5,13.555,13480,13224,124800,130288,68232,3531,230400
6,conventional,10,smoc6,13.672,8288,10200,65880,92436,53832,3554,230400
6,conventional,10,smoc7,5.007,16516,7832,78276,69988,51128,3535,230400
6,mirrored,1,smoc1,13.687,2196,10404,90848,105584,55804,3537,132520
6,mirrored,1,smoc2,13.056,11396,10812,141176,144436,84428,3531,132520
6,mirrored,1,smoc3,14.224,11412,11216,111208,121728,79776,3553,135440
6,mirrored,1,smoc4,13.355,10540,10988,92760,106084,64820,3555,135440
6,mirrored,1,smoc5,13.614,14604,17428,133912,141208,88188,3533,135240
6,mirrored,1,smoc6,13.869,8972,10848,59136,83776,46876,3557,135240
6,mirrored,1,smoc7,6.534,24284,19788,135080,137440,134368,3549,230400
6,mirrored,2,smoc1,12.911,12600,11188,128216,136248,74388,3533,134320
6,mirrored,2,smoc2,13.271,13268,9540,91204,97796,52640,3555,134320
6,mirrored,2,smoc3,11.959,13500,13268,157716,158980,116260,3534,134760
6,mirrored,2,smoc4,13.514,13916,10300,152160,155952,86256,3533,134760
6,mirrored,2,smoc5,13.035,11276,10404,94236,101012,53828,3534,134120
6,mirrored,2,smoc6,13.88,13204,11068,117800,128404,67936,3548,134120
6,mirrored,2,smoc7,5.258,7968,3452,38564,40500,66764,3556,230400
6,mirrored,3,smoc1,12.076,12612,10776,105704,123832,76644,3551,133360
6,mirrored,3,smoc2,12.707,13500,11204,84524,86956,60864,3538,133360
6,mirrored,3,smoc3,12.9,7084,9012,115048,122888,71904,3534,133240
6,mirrored,3,smoc4,13.167,13940,12464,95444,97912,58648,3531,133240
6,mirrored,3,smoc5,13.111,11396,10524,116724,122708,69780,3534,136600
6,mirrored,3,smoc6,12.75,15724,10800,117176,118104,67932,3532,136600
6,mirrored,3,smoc7,5.051,6636,2508,54852,54924,68140,3538,230400
6,mirrored,4,smoc1,13.978,15808,12364,99856,102064,58032,3533,135480
6,mirrored,4,smoc2,13.571,6352,11520,73032,85388,76024,3555,135480
6,mirrored,4,smoc3,12.865,5316,11776,70652,96636,52316,3558,132920
6,mirrored,4,smoc4,13.556,10848,11012,97864,102284,60508,3530,132920
6,mirrored,4,smoc5,14.218,8568,10368,72784,85940,55904,3538,134800
6,mirrored,4,smoc6,12.915,13384,10620,144408,147244,83308,3534,134800
6,mirrored,4,smoc7,5.173,28900,20384,77276,79636,77868,3552,230400
6,mirrored,5,smoc1,12.456,8640,9520,122936,132024,60204,3534,133040
6,mirrored,5,smoc2,12.635,13916,10060,83344,91232,43904,3534,133040
6,mirrored,5,smoc3,13.644,10228,10288,94748,109372,50932,3533,134160
6,mirrored,5,smoc4,11.936,11352,13160,105656,124532,76704,3546,134160
6,mirrored,5,smoc5,12.878,8012,9552,92456,100316,47780,3536,136000
6,mirrored,5,smoc6,13.659,7352,8568,112388,122692,80100,3543,136000
6,mirrored,5,smoc7,5.901,11672,9148,52452,53528,64936,3550,230400
6,mirrored,6,smoc1,13.447,13640,9300,127044,128676,72544,3532,134040
6,mirrored,6,smoc2,13.783,6392,9400,86708,100052,89048,3557,134040
6,mirrored,6,smoc3,13.615,12028,11532,106440,131712,69808,3554,133920
6,mirrored,6,smoc4,13.589,14076,14456,126456,130060,71300,3539,133920
6,mirrored,6,smoc5,13.291,10476,10876,62880,88904,68096,3558,135240
6,mirrored,6,smoc6,13.646,14272,10592,99760,100500,86996,3535,135240
6,mirrored,6,smoc7,5.953,6080,4092,55896,55220,57852,3541,230400
6,mirrored,7,smoc1,14.253,9716,13012,97320,102444,58944,3553,135520
6,mirrored,7,smoc2,13.758,9168,11260,142072,150764,79876,3534,135520
6,mirrored,7,smoc3,13.068,7576,10740,92608,119496,61156,3556,133000
6,mirrored,7,smoc4,13.802,8768,12444,113480,122040,61520,3540,133000
6,mirrored,7,smoc5,14.16,8952,11104,111420,117464,60836,3537,134680
6,mirrored,7,smoc6,12.862,10652,9956,94608,100444,54948,3533,134680
6,mirrored,7,smoc7,5.264,9920,7488,61032,58844,99120,3537,230400
6,mirrored,8,smoc1,12.862,10512,9216,118824,122524,70808,3533,133960
6,mirrored,8,smoc2,12.581,9544,12204,87868,93440,55988,3531,133960
6,mirrored,8,smoc3,13.204,13500,10844,102316,107976,56752,3553,134280
6,mirrored,8,smoc4,13.908,7228,10752,94000,111028,58348,3542,134280
6,mirrored,8,smoc5,13.741,12332,11780,104476,114688,67264,3552,134960
6,mirrored,8,smoc6,13.193,8544,13644,93236,118136,70276,3556,134960
6,mirrored,8,smoc7,4.815,5128,8120,52332,49804,62696,3552,230400
6,mirrored,9,smoc1,14.026,6676,11312,88212,104832,61472,3545,134880
6,mirrored,9,smoc2,13.805,12176,10272,83044,88980,56784,3532,134880
6,mirrored,9,smoc3,14.618,7000,9988,91088,116144,63280,3558,133960
6,mirrored,9,smoc4,13.972,7844,12972,84200,94352,55152,3554,133960
6,mirrored,9,smoc5,13.207,13732,10536,95984,97728,51624,3531,134360
6,mirrored,9,smoc6,13.809,6728,10740,104952,116392,65672,3554,134360
6,mirrored,9,smoc7,4.938,8092,3556,92536,89652,56768,3536,230400
6,mirrored,10,smoc1,13.714,8408,11724,97248,107724,56396,3535,136600
6,mirrored,10,smoc2,13.559,8124,10272,108940,117868,67172,3537,136600
6,mirrored,10,smoc3,13.556,10520,8808,89844,94356,49676,3532,132920
6,mirrored,10,smoc4,14.088,6808,12176,93624,101092,54004,3556,132920
6,mirrored,10,smoc5,13.51,13128,8940,79452,86112,49512,3535,133680
6,mirrored,10,smoc6,13.237,13916,13204,89356,89776,76124,3532,133680
6,mirrored,10,smoc7,4.774,6464,3992,66476,63976,35484,3557,230400
8,mirrored,1,smoc1,21.439,7368,9144,172056,185624,148056,3548,123320
8,mirrored,1,smoc2,21.802,13684,10812,101660,111188,63700,3537,123320
8,mirrored,1,smoc3,20.187,8492,9124,103356,113188,68332,3537,120800
8,mirrored,1,smoc4,19.739,9244,7912,100208,106980,57832,3538,120800
8,mirrored,1,smoc5,20.843,7776,11752,52668,85536,54180,3558,121000
8,mirrored,1,smoc6,22.253,7716,10976,57312,80252,51052,3554,121000
8,mirrored,1,smoc7,20.43,13268,8576,76984,86024,54032,3537,124480
8,mirrored,1,smoc8,21.433,9372,8344,69792,95920,47776,3559,124480
8,mirrored,1,smoc9,6.944,12932,7216,90948,108716,90408,3555,230400
8,mirrored,2,smoc1,18.048,6652,10212,92320,100136,56456,3537,123280
8,mirrored,2,smoc2,17.454,10232,11608,87452,90328,52580,3532,123280
8,mirrored,2,smoc3,17.999,12804,7760,93972,96664,62916,3530,122320
8,mirrored,2,smoc4,18.891,13732,10292,99668,103824,61720,3532,122320
8,mirrored,2,smoc5,18.446,8828,11340,77988,84512,60556,3535,121000
8,mirrored,2,smoc6,17.143,1424,11340,78936,108796,67036,3555,121000
8,mirrored,2,smoc7,18.055,13500,11012,83516,84420,49892,3533,123000
8,mirrored,2,smoc8,17.445,13268,10824,80508,82352,52748,3537,123000
8,mirrored,2,smoc9,5.463,8888,3808,73720,74192,46952,3540,230400
8,mirrored,3,smoc1,19.825,8244,9844,71116,83392,46844,3539,122320
8,mirrored,3,smoc2,17.872,12008,9784,125124,138244,78008,3540,122320
8,mirrored,3,smoc3,18.466,8640,9028,116312,122024,66152,3533,123440
8,mirrored,3,smoc4,18.549,13684,10740,114940,117444,66200,3538,123440
8,mirrored,3,smoc5,18.335,15252,12064,68524,72888,72256,3538,121400
8,mirrored,3,smoc6,19.948,12736,8608,78724,85704,56224,3542,121400
8,mirrored,3,smoc7,18.264,6916,9020,77672,87808,53752,3537,122440
8,mirrored,3,smoc8,18.411,1252,9360,52056,76352,42088,3561,122440
8,mirrored,3,smoc9,6.142,13980,8820,69508,67032,110628,3538,230400
8,mirrored,4,smoc1,17.113,6164,9028,120684,129808,66932,3534,121360
8,mirrored,4,smoc2,18.948,12060,8404,94296,100472,59112,3534,121360
8,mirrored,4,smoc3,18.979,9120,9520,56568,80880,70064,3558,122200
8,mirrored,4,smoc4,18.949,10968,9968,66092,92856,51628,3565,122200
8,mirrored,4,smoc5,18.143,8236,10900,71736,77772,78072,3537,121760
8,mirrored,4,smoc6,19.289,6700,8244,86956,97308,75588,3555,121760
8,mirrored,4,smoc7,18.308,10452,12368,65372,90204,51020,3557,124280
8,mirrored,4,smoc8,18.309,11896,7516,77668,82564,70684,3535,124280
8,mirrored,4,smoc9,6.170,12276,12028,131948,130836,168340,3548,230400
8,mirrored,5,smoc1,17.994,13268,13036,76372,82708,65600,3533,119800
8,mirrored,5,smoc2,18.336,11432,8780,57084,70320,64284,3548,119800
8,mirrored,5,smoc3,18.261,13380,12104,98672,101444,52288,3535,124200
8,mirrored,5,smoc4,17.083,13044,10812,85952,93116,65040,3553,124200
8,mirrored,5,smoc5,17.34,10212,10368,112720,143896,77156,3555,123160
8,mirrored,5,smoc6,18.021,13260,11396,61840,73484,75156,3545,123160
8,mirrored,5,smoc7,17.928,13824,11036,91064,93532,52688,3532,122440
8,mirrored,5,smoc8,17.357,12308,7544,82728,82048,76276,3532,122440
8,mirrored,5,smoc9,5.733,22348,16528,46824,52228,77492,3549,230400
8,mirrored,6,smoc1,18.579,9444,10136,125348,127196,71632,3537,123960
8,mirrored,6,smoc2,19.759,7976,9724,54984,60396,57948,3535,123960
8,mirrored,6,smoc3,18.78,12936,10420,81488,95156,57572,3545,121960
8,mirrored,6,smoc4,18.969,13688,12600,106840,108676,69848,3534,121960
8,mirrored,6,smoc5,18.393,7240,11944,160356,172396,126896,3554,120760
8,mirrored,6,smoc6,19.526,13460,10812,81100,92820,55644,3554,120760
8,mirrored,6,smoc7,18.546,14132,11040,88340,111404,64020,3558,122920
8,mirrored,6,smoc8,19.143,13224,13436,109076,115272,75396,3553,122920
8,mirrored,6,smoc9,6.204,9208,13476,127572,133920,104308,3545,230400
8,mirrored,7,smoc1,19.043,11072,10584,114908,120412,68984,3535,124320
8,mirrored,7,smoc2,18.724,20740,15892,145484,144268,80716,3539,124320
8,mirrored,7,smoc3,19.173,5156,6048,63736,90040,54784,3557,121760
8,mirrored,7,smoc4,18.851,13732,8848,122748,124796,71656,3534,121760
8,mirrored,7,smoc5,17.732,12980,10616,93388,94688,54764,3534,120760
8,mirrored,7,smoc6,20.148,9080,10484,71252,99668,48472,3561,120760
8,mirrored,7,smoc7,19.492,8240,10040,83256,91640,56704,3534,122760
8,mirrored,7,smoc8,18.098,9028,9804,132880,144376,74808,3544,122760
8,mirrored,7,smoc9,6.707,7820,3956,41236,42608,68064,3561,230400
8,mirrored,8,smoc1,18.669,13500,9436,96080,101980,57928,3538,122600
8,mirrored,8,smoc2,18.706,13108,11300,109356,127704,88152,3560,122600
8,mirrored,8,smoc3,18.693,13196,9116,77780,81700,77292,3536,122000
8,mirrored,8,smoc4,18.601,13684,9484,86936,93248,74116,3556,122000
8,mirrored,8,smoc5,19.133,6784,9100,122284,130348,68756,3550,122560
8,mirrored,8,smoc6,18.34,10096,9552,59584,66128,55076,3536,122560
8,mirrored,8,smoc7,17.831,15256,9568,87760,88136,55220,3538,122440
8,mirrored,8,smoc8,18.335,11828,10788,98992,105144,51808,3555,122440
8,mirrored,8,smoc9,5.481,9308,9192,116032,116900,141428,3547,230400
8,mirrored,9,smoc1,17.928,15604,12460,94092,95856,54304,3532,122040
8,mirrored,9,smoc2,18.033,9848,6864,83452,110320,55276,3558,122040
8,mirrored,9,smoc3,16.775,14184,9492,85628,87116,75712,3533,122320
8,mirrored,9,smoc4,18.18,8616,12008,81076,92008,71992,3534,122320
8,mirrored,9,smoc5,17.91,12056,9540,104740,106104,64656,3532,121960
8,mirrored,9,smoc6,18.835,13916,12012,63756,69228,64552,3556,121960
8,mirrored,9,smoc7,17.438,13500,10716,107144,108148,59544,3533,123280
8,mirrored,9,smoc8,17.446,12084,11460,79296,85728,46268,3535,123280
8,mirrored,9,smoc9,5.174,13992,3540,84296,81672,46368,3559,230400
8,mirrored,10,smoc1,18.755,12460,10384,112256,117476,68708,3556,123200
8,mirrored,10,smoc2,18.811,13500,11396,57940,62160,52288,3539,123200
8,mirrored,10,smoc3,18.874,7964,5428,86960,105852,54572,3561,121320
8,mirrored,10,smoc4,18.072,15288,10164,81392,88432,86504,3536,121320
8,mirrored,10,smoc5,18.579,12392,8316,114384,120376,62640,3533,122720
8,mirrored,10,smoc6,19.207,12244,10784,29080,47340,52800,3564,122720
8,mirrored,10,smoc7,19.268,13212,10268,103624,106012,59408,3533,122360
8,mirrored,10,smoc8,18.479,9020,12008,132648,138480,81960,3535,122360
8,mirrored,10,smoc9,5.800,23888,16184,89808,88208,82452,3551,230400
8,conventional,1,smoc1,23.625,8608,9028,114552,119384,68280,3540,230400
8,conventional,1,smoc2,24.779,13916,11780,147988,146800,84564,3532,230400
8,conventional,1,smoc3,25.102,13936,13928,182736,183492,124076,3533,230400
8,conventional,1,smoc4,25.541,11656,11064,124108,135620,80572,3552,230400
8,conventional,1,smoc5,24.45,12536,10784,152184,153920,91680,3533,230400
8,conventional,1,smoc6,23.382,13684,13012,118532,126484,73492,3543,230400
8,conventional,1,smoc7,24.565,6992,9512,100532,119720,67768,3559,230400
8,conventional,1,smoc8,24.785,14904,11084,118172,121088,72952,3533,230400
8,conventional,1,smoc9,5.407,3608,340,115504,114608,98632,3540,230400
8,conventional,2,smoc1,17.922,12208,10576,156960,163348,89060,3539,230400
8,conventional,2,smoc2,18.286,11300,6304,110300,113880,68652,3535,230400
8,conventional,2,smoc3,18.858,11924,10608,108208,127396,71048,3555,230400
8,conventional,2,smoc4,18.342,7924,9544,69020,91816,57124,3547,230400
8,conventional,2,smoc5,17.515,10256,11340,81252,89224,77368,3534,230400
8,conventional,2,smoc6,18.078,9060,9328,84404,92528,57052,3536,230400
8,conventional,2,smoc7,17.118,7224,9868,90752,100480,52180,3535,230400
8,conventional,2,smoc8,17.812,8804,9560,100492,119356,58216,3557,230400
8,conventional,2,smoc9,4.856,5164,4964,44992,42824,52056,3552,230400
8,conventional,3,smoc1,19.07,16744,11728,81968,80404,68164,3540,230400
8,conventional,3,smoc2,19.012,11976,10592,84660,91028,59876,3534,230400
8,conventional,3,smoc3,20.105,12928,12748,113028,117752,58236,3553,230400
8,conventional,3,smoc4,19.074,8992,10136,127460,129720,68004,3534,230400
8,conventional,3,smoc5,18.054,8524,9812,112620,118896,62108,3533,230400
8,conventional,3,smoc6,17.695,8404,10008,91580,100556,59544,3535,230400
8,conventional,3,smoc7,19.6,8416,11472,71424,93676,57184,3556,230400
8,conventional,3,smoc8,19.208,13232,12020,113024,114692,63544,3533,230400
8,conventional,3,smoc9,4.956,14288,17568,86904,88116,65652,3548,230400
8,conventional,4,smoc1,17.894,9452,9784,91144,96272,55372,3537,230400
8,conventional,4,smoc2,18.247,10384,9752,129500,148568,66880,3557,230400
8,conventional,4,smoc3,18.321,8056,10228,73892,80024,53940,3555,230400
8,conventional,4,smoc4,17.925,15140,11444,81512,81472,78096,3535,230400
8,conventional,4,smoc5,18.878,12664,13268,72428,87652,50996,3542,230400
8,conventional,4,smoc6,17.554,11260,6972,110772,116840,62624,3546,230400
8,conventional,4,smoc7,18.17,8496,11600,95236,101160,58664,3532,230400
8,conventional,4,smoc8,17.822,6044,7596,109244,124016,75136,3548,230400
8,conventional,4,smoc9,5.172,17388,11444,95376,91256,78512,3543,230400
8,conventional,5,smoc1,19.622,9164,7364,97404,108084,59372,3545,230400
8,conventional,5,smoc2,18.55,15624,13180,80912,90992,79540,3546,230400
8,conventional,5,smoc3,17.835,12968,11448,120096,129268,66968,3538,230400
8,conventional,5,smoc4,18.876,13732,8576,127120,131804,68136,3547,230400
8,conventional,5,smoc5,19.414,12636,10796,122148,123708,65652,3539,230400
8,conventional,5,smoc6,19.379,9496,9276,132800,141852,70056,3552,230400
8,conventional,5,smoc7,19.121,9756,11752,99528,106512,61004,3532,230400
8,conventional,5,smoc8,18.49,17816,12224,99496,100640,52560,3537,230400
8,conventional,5,smoc9,5.055,3444,1120,82024,79152,40872,3533,230400
8,conventional,6,smoc1,18.387,15836,11988,109688,111392,62312,3534,230400
8,conventional,6,smoc2,18.171,9244,10368,56996,82256,44900,3562,230400
8,conventional,6,smoc3,18.434,13232,9028,91028,99952,56124,3543,230400
8,conventional,6,smoc4,19.991,10124,11680,73692,86988,76976,3558,230400
8,conventional,6,smoc5,19.101,15728,10304,122728,121948,65628,3539,230400
8,conventional,6,smoc6,17.984,8464,9388,121244,147208,76204,3559,230400
8,conventional,6,smoc7,18.068,14104,11952,128864,129364,68020,3531,230400
8,conventional,6,smoc8,17.822,13684,10508,100380,107296,66120,3555,230400
8,conventional,6,smoc9,5.135,5940,4552,63012,63512,41944,3555,230400
8,conventional,7,smoc1,17.713,13500,9080,85516,94672,56252,3540,230400
8,conventional,7,smoc2,18.694,12220,10872,95416,99040,57712,3538,230400
8,conventional,7,smoc3,18.153,18472,14312,111576,112928,89308,3538,230400
8,conventional,7,smoc4,16.982,13916,10832,102120,115136,63964,3550,230400
8,conventional,7,smoc5,17.764,10432,9616,94916,100408,85864,3540,230400
8,conventional,7,smoc6,17.789,11712,10804,79896,107504,55188,3556,230400
8,conventional,7,smoc7,18.659,11296,9544,130916,133104,74304,3534,230400
8,conventional,7,smoc8,17.838,8980,10272,104240,113532,65392,3533,230400
8,conventional,7,smoc9,5.346,9140,3924,57140,54628,61716,3535,230400
8,conventional,8,smoc1,19.135,7912,11572,120384,129968,65236,3559,230400
8,conventional,8,smoc2,18.191,15956,14236,91944,95380,52884,3539,230400
8,conventional,8,smoc3,18.342,9456,11712,104952,110788,55508,3534,230400
8,conventional,8,smoc4,18.159,7452,9560,70124,90508,49344,3555,230400
8,conventional,8,smoc5,18.753,5764,12648,82404,108968,60180,3558,230400
8,conventional,8,smoc6,16.949,9232,8376,137080,138252,76844,3539,230400
8,conventional,8,smoc7,17.476,6984,11024,93572,105944,53944,3542,230400
8,conventional,8,smoc8,16.904,7900,10432,64404,72324,59184,3542,230400
8,conventional,8,smoc9,4.88,13212,13276,65188,65500,79940,3535,230400
8,conventional,9,smoc1,20.048,9216,10568,104024,114160,60072,3542,230400
8,conventional,9,smoc2,19.825,11224,10572,112964,119692,61756,3536,230400
8,conventional,9,smoc3,21.218,8560,9796,67664,86460,69212,3559,230400
8,conventional,9,smoc4,19.521,6728,10368,110780,119520,70840,3540,230400
8,conventional,9,smoc5,20.732,3048,9220,72676,93356,58504,3549,230400
8,conventional,9,smoc6,20.154,9780,9984,88536,100612,62528,3542,230400
8,conventional,9,smoc7,20.329,13500,11236,85768,88516,78344,3532,230400
8,conventional,9,smoc8,20.462,14528,11028,96776,103776,57708,3532,230400
8,conventional,9,smoc9,5.117,3888,88,78580,75516,58992,3534,230400
8,conventional,10,smoc1,19.095,13480,10432,88860,89404,56456,3554,230400
8,conventional,10,smoc2,18.552,12008,11692,93972,119612,61840,3559,230400
8,conventional,10,smoc3,18.553,8772,11532,119276,124896,76384,3535,230400
8,conventional,10,smoc4,18.213,16196,12956,115276,112740,61404,3531,230400
8,conventional,10,smoc5,18.517,16460,13012,94752,94088,51036,3538,230400
8,conventional,10,smoc6,19.272,9156,10068,146952,149644,83004,3550,230400
8,conventional,10,smoc7,18.216,16068,11432,80044,84188,51416,3538,230400
8,conventional,10,smoc8,18.563,13472,12776,106560,112752,90604,3531,230400
8,conventional,10,smoc9,5.379,6840,7352,55172,59412,64500,3549,230400
8,distributed,1,smoc1,21.718,10424,10352,141920,149528,95560,3534,104480
8,distributed,1,smoc2,21.465,7412,9716,160356,168184,106812,3533,103880
8,distributed,1,smoc3,22.574,8960,8448,173836,182792,127116,3533,104920
8,distributed,1,smoc4,21.348,8436,13248,174564,207800,154408,3557,103200
8,distributed,1,smoc5,22.286,11696,11024,111692,113500,99568,3557,105880
8,distributed,1,smoc6,22.137,6812,10504,161788,171808,126636,3534,105040
8,distributed,1,smoc7,23.639,13192,11572,140904,145492,93544,3534,103120
8,distributed,1,smoc8,21.927,7332,10652,205940,212408,159444,3535,104680
8,distributed,1,smoc9,6.852,15672,14340,113320,116424,115144,3538,230400
8,distributed,2,smoc1,17.324,8868,10052,76180,84692,46484,3540,104400
8,distributed,2,smoc2,18.196,12468,13864,65068,91584,54360,3557,103480
8,distributed,2,smoc3,18.299,8380,11340,135588,142168,79204,3536,102800
8,distributed,2,smoc4,18.184,11672,10152,73436,94960,52780,3560,104760
8,distributed,2,smoc5,18.067,10656,10612,60996,73992,63336,3542,104720
8,distributed,2,smoc6,18.227,8704,9784,68300,78200,69996,3535,104720
8,distributed,2,smoc7,18.302,13288,8076,87184,88340,72596,3532,104480
8,distributed,2,smoc8,18.543,7420,9776,105948,112508,64852,3532,105840
8,distributed,2,smoc9,5.456,18324,15492,73684,67628,54828,3562,230400
8,distributed,3,smoc1,18.101,13732,10368,104684,109444,64160,3534,105560
8,distributed,3,smoc2,17.462,13732,11628,96288,99944,57756,3534,105200
8,distributed,3,smoc3,17.889,10316,9720,132232,135932,77500,3533,104560
8,distributed,3,smoc4,17.209,12844,10740,81316,86668,75380,3539,104440
8,distributed,3,smoc5,17.803,9072,7324,112720,118744,63468,3533,103560
8,distributed,3,smoc6,17.689,14232,11744,117352,119280,66240,3534,104360
8,distributed,3,smoc7,18.046,14304,12584,77480,85860,46576,3538,104480
8,distributed,3,smoc8,17.906,13896,10792,103592,106324,91708,3550,103040
8,distributed,3,smoc9,5.551,10864,10908,53520,53628,83472,3553,230400
8,distributed,4,smoc1,20.02,11716,10584,147684,164208,102348,3554,105200
8,distributed,4,smoc2,18.864,13916,10816,103096,107764,63812,3551,104760
8,distributed,4,smoc3,18.343,11100,12156,154412,179692,111160,3560,104800
8,distributed,4,smoc4,19.252,7580,9564,92864,110712,94784,3560,104560
8,distributed,4,smoc5,19.393,13464,8808,120912,133512,70392,3538,104280
8,distributed,4,smoc6,19.351,8124,8884,96448,100260,56328,3535,104200
8,distributed,4,smoc7,19.266,13416,12764,77828,86776,53740,3554,103560
8,distributed,4,smoc8,18.39,11392,10648,84000,89536,57392,3555,103840
8,distributed,4,smoc9,5.923,10356,7668,58656,56148,65568,3542,230400
8,distributed,5,smoc1,18.219,13268,12600,95852,96632,59484,3533,105160
8,distributed,5,smoc2,18.057,15764,12304,102804,109084,60536,3534,104080
8,distributed,5,smoc3,17.958,13268,12368,94352,96324,54128,3534,104560
8,distributed,5,smoc4,18.097,12084,12600,94260,102636,58640,3539,104240
8,distributed,5,smoc5,18.15,8816,9568,153820,160308,97512,3533,104360
8,distributed,5,smoc6,19.237,7252,9488,77852,98988,46732,3560,103920
8,distributed,5,smoc7,18.205,13648,13012,88728,90684,56280,3553,105200
8,distributed,5,smoc8,16.97,1972,5212,90740,109076,59232,3545,103680
8,distributed,5,smoc9,6.201,13776,12084,62340,60144,68048,3540,230400
8,distributed,6,smoc1,18.92,9080,8960,71276,83292,69852,3541,107040
8,distributed,6,smoc2,17.437,6208,6124,121076,127544,61532,3538,104800
8,distributed,6,smoc3,17.874,7608,9276,96212,102652,62132,3532,105560
8,distributed,6,smoc4,18.256,13136,9744,127512,130632,63012,3531,104160
8,distributed,6,smoc5,17.196,12020,9028,64576,70368,64428,3553,104080
8,distributed,6,smoc6,18.44,11828,9608,87896,99296,58368,3544,102560
8,distributed,6,smoc7,17.229,8844,11800,55872,61096,55524,3535,103480
8,distributed,6,smoc8,17.034,0,10752,88348,114812,64340,3558,103520
8,distributed,6,smoc9,5.709,9308,4272,67836,62948,66936,3547,230400
8,distributed,7,smoc1,19.225,9744,7596,132888,138476,71632,3554,103640
8,distributed,7,smoc2,18.434,12180,10648,105272,106648,60288,3531,104120
8,distributed,7,smoc3,17.861,7920,11324,97868,124632,74828,3557,104400
8,distributed,7,smoc4,18.805,8420,6920,77384,86756,72164,3552,105520
8,distributed,7,smoc5,17.726,12688,11232,101236,104156,58856,3533,103520
8,distributed,7,smoc6,19.393,10096,10520,51484,64028,57636,3551,104280
8,distributed,7,smoc7,18.672,8516,11780,99196,125820,67956,3557,104920
8,distributed,7,smoc8,19.006,7248,13204,138908,149492,85900,3540,104800
8,distributed,7,smoc9,6.300,6568,1120,33576,32260,40296,3537,230400
8,distributed,8,smoc1,19.259,13500,11860,106080,108232,65348,3554,104760
8,distributed,8,smoc2,18.886,11496,12360,151700,155096,95056,3533,103800
8,distributed,8,smoc3,17.834,13684,10320,106340,115232,66648,3535,104160
8,distributed,8,smoc4,19.06,7048,8576,93664,103376,58548,3553,104760
8,distributed,8,smoc5,17.821,11660,6728,101800,107500,62256,3538,104200
8,distributed,8,smoc6,19.396,10880,10080,111804,116852,69160,3553,104680
8,distributed,8,smoc7,18.356,15780,11844,142284,144916,80284,3532,104600
8,distributed,8,smoc8,18.438,10720,6412,54872,67436,60444,3538,104240
8,distributed,8,smoc9,6.916,9112,5932,54108,54860,60420,3544,230400
8,distributed,9,smoc1,17.73,4872,10172,92104,110984,63560,3554,105000
8,distributed,9,smoc2,17.771,13684,11420,83680,93448,53204,3554,102720
8,distributed,9,smoc3,17.055,6128,11628,126136,138896,74592,3539,105600
8,distributed,9,smoc4,18.045,7664,8912,81856,93120,59424,3549,103840
8,distributed,9,smoc5,18.519,9568,9408,80184,85768,44648,3536,103920
8,distributed,9,smoc6,18.497,9896,10080,108108,133248,64220,3562,104440
8,distributed,9,smoc7,17.752,7092,10604,112696,128772,69760,3542,104120
8,distributed,9,smoc8,17.191,11384,10812,84936,98680,52748,3554,105560
8,distributed,9,smoc9,6.159,9980,6488,60692,61992,36872,3559,230400
8,distributed,10,smoc1,17.791,7232,9728,31216,65472,51012,3555,104880
8,distributed,10,smoc2,17.972,13732,11860,106200,109044,54184,3536,104880
8,distributed,10,smoc3,18.701,7240,10464,128820,137848,73796,3533,103520
8,distributed,10,smoc4,18.577,8940,10040,146720,173252,106172,3558,104520
8,distributed,10,smoc5,17.664,8640,10504,56312,66016,61008,3539,105080
8,distributed,10,smoc6,17.614,6544,8372,76224,85440,51488,3550,103400
8,distributed,10,smoc7,17.719,13732,10748,69852,71596,61736,3553,104440
8,distributed,10,smoc8,18.718,6896,8260,104128,119420,63180,3541,104480
8,distributed,10,smoc9,6.932,9284,4000,27908,25332,40624,3558,230400
8,centralized,1,smoc1,29.188,9816,12600,122000,129584,91412,3533,86400
8,centralized,1,smoc2,27.205,13440,11696,221372,227000,170260,3531,86400
8,centralized,1,smoc3,29.48,9136,9788,147104,179064,128652,3561,86400
8,centralized,1,smoc4,27.306,10356,11628,120576,143996,98328,3558,86400
8,centralized,1,smoc5,28.912,7152,7548,176416,203584,140964,3560,86400
8,centralized,1,smoc6,29.216,7408,8912,182176,191816,146148,3553,86400
8,centralized,1,smoc7,28.215,8484,9144,164268,168588,124308,3536,86400
8,centralized,1,smoc8,28.052,12808,12804,218128,220736,175324,3534,86400
8,centralized,1,smoc9,5.338,3716,476,60964,65280,73164,3554,86400
8,centralized,2,smoc1,18.866,10856,10484,63860,93188,72496,3557,86400
8,centralized,2,smoc2,17.989,5772,9776,64860,84704,73188,3547,86400
8,centralized,2,smoc3,18.43,13916,9400,98836,101500,58120,3553,86400
8,centralized,2,smoc4,19.551,7344,8200,67412,84708,43800,3544,86400
8,centralized,2,smoc5,19.469,11892,9788,136028,136708,64160,3532,86400
8,centralized,2,smoc6,17.99,19268,16484,144908,143864,75124,3536,86400
8,centralized,2,smoc7,18.294,7508,10052,77468,83672,51504,3534,86400
8,centralized,2,smoc8,19.943,11988,10804,54192,66088,62404,3548,86400
8,centralized,2,smoc9,5.019,6820,5116,138092,135480,135620,3555,86400
8,centralized,3,smoc1,18.657,7076,13016,100100,112136,67564,3550,86400
8,centralized,3,smoc2,17.484,8632,8912,92596,97360,62844,3534,86400
8,centralized,3,smoc3,18.555,13472,11600,103684,105904,61496,3536,86400
8,centralized,3,smoc4,18.205,13104,13036,84688,107872,58316,3559,86400
8,centralized,3,smoc5,17.785,9356,9784,149676,154320,84304,3537,86400
8,centralized,3,smoc6,17.699,12196,11340,84660,86548,58088,3533,86400
8,centralized,3,smoc7,19.113,6812,8912,131440,141648,75420,3554,86400
8,centralized,3,smoc8,18.269,9040,9584,105180,107748,61860,3529,86400
8,centralized,3,smoc9,4.476,6968,5412,52072,52736,63652,3537,86400
8,centralized,4,smoc1,18.366,6520,10828,84596,96504,64700,3553,86400
8,centralized,4,smoc2,18.444,9156,5660,118448,124072,73216,3557,86400
8,centralized,4,smoc3,18.261,6364,7708,55188,80628,48008,3554,86400
8,centralized,4,smoc4,19.322,11340,10984,87648,112436,57892,3561,86400
8,centralized,4,smoc5,18.792,13732,8808,76636,81684,50884,3533,86400
8,centralized,4,smoc6,18.408,9000,9492,64756,70376,63068,3533,86400
8,centralized,4,smoc7,17.679,11384,10588,130596,133044,72896,3534,86400
8,centralized,4,smoc8,17.845,7636,10604,58616,86872,75920,3557,86400
8,centralized,4,smoc9,4.569,8548,7844,59624,63448,44040,3557,86400
8,centralized,5,smoc1,18.495,10644,9168,99864,128728,67760,3556,86400
8,centralized,5,smoc2,17.369,8608,9632,61656,79064,73056,3547,86400
8,centralized,5,smoc3,18.028,11368,10824,113876,121864,66588,3533,86400
8,centralized,5,smoc4,17.889,7972,9032,87028,96860,53648,3535,86400
8,centralized,5,smoc5,18.318,13652,13288,102660,103676,58408,3531,86400
8,centralized,5,smoc6,17.48,8168,11768,99292,108532,61548,3537,86400
8,centralized,5,smoc7,17.011,14508,9844,93416,96652,57000,3534,86400
8,centralized,5,smoc8,17.348,18836,16804,85024,86056,58648,3535,86400
8,centralized,5,smoc9,4.408,10472,9640,65080,69124,81564,3533,86400
8,centralized,6,smoc1,18.181,11460,11172,79780,82980,73284,3551,86400
8,centralized,6,smoc2,19.268,7580,6748,94384,101384,49428,3554,86400
8,centralized,6,smoc3,18.962,11568,12628,101008,107812,66544,3535,86400
8,centralized,6,smoc4,17.87,7676,6852,91440,104248,55800,3538,86400
8,centralized,6,smoc5,18.792,1776,9736,85368,105620,62260,3546,86400
8,centralized,6,smoc6,17.826,9992,9028,104792,112208,57604,3532,86400
8,centralized,6,smoc7,18.441,7820,10020,28800,56060,52516,3554,86400
8,centralized,6,smoc8,18.922,13452,10056,89088,96708,57404,3533,86400
8,centralized,6,smoc9,4.552,3868,4944,48888,49552,50560,3541,86400
8,centralized,7,smoc1,18.304,12288,13036,145980,146420,82864,3536,86400
8,centralized,7,smoc2,17.762,13248,10648,133944,141772,83244,3535,86400
8,centralized,7,smoc3,19.507,12988,10028,98732,104384,54644,3551,86400
8,centralized,7,smoc4,19.286,9000,10824,60964,87484,51304,3561,86400
8,centralized,7,smoc5,18.663,9408,10752,65732,91000,57432,3562,86400
8,centralized,7,smoc6,18.603,8920,9048,70612,97460,50028,3557,86400
8,centralized,7,smoc7,19.206,13352,12780,93052,105104,65416,3553,86400
8,centralized,7,smoc8,18.564,7228,8344,112176,129616,75324,3545,86400
8,centralized,7,smoc9,4.547,9596,8732,61124,63892,82984,3538,86400
8,centralized,8,smoc1,17.342,8640,9544,100204,108696,58364,3533,86400
8,centralized,8,smoc2,17.478,11256,10172,74120,81468,47216,3538,86400
8,centralized,8,smoc3,18.907,11776,11396,79160,83372,51928,3534,86400
8,centralized,8,smoc4,19.23,8524,13268,72464,107528,55552,3560,86400
8,centralized,8,smoc5,17.925,12996,8148,75080,76972,50164,3536,86400
8,centralized,8,smoc6,19.206,2692,10380,73704,101352,52700,3558,86400
8,centralized,8,smoc7,18.369,13040,8808,79572,80536,56240,3533,86400
8,centralized,8,smoc8,18.485,9368,11104,84800,92604,51764,3537,86400
8,centralized,8,smoc9,4.554,11360,11296,86300,88456,73316,3535,86400
8,centralized,9,smoc1,19.14,11744,10308,107204,107952,58980,3533,86400
8,centralized,9,smoc2,19.061,13500,11108,107620,119512,63132,3535,86400
8,centralized,9,smoc3,22.052,2432,10292,63216,90748,45348,3558,86400
8,centralized,9,smoc4,21.997,8668,9484,61016,78036,77404,3555,86400
8,centralized,9,smoc5,21.544,13452,12780,81476,88960,63660,3535,86400
8,centralized,9,smoc6,20.661,9904,7200,83140,87356,56980,3536,86400
8,centralized,9,smoc7,21.452,11940,11780,62364,71176,66552,3535,86400
8,centralized,9,smoc8,21.248,6724,9480,76216,103472,55196,3561,86400
8,centralized,9,smoc9,5.722,6936,3604,131604,133532,115804,3544,86400
8,centralized,10,smoc1,19.919,12504,12340,74468,96304,80176,3553,86400
8,centralized,10,smoc2,18.981,11368,9040,88620,110604,56968,3557,86400
8,centralized,10,smoc3,18.95,13752,12744,107044,110176,62784,3532,86400
8,centralized,10,smoc4,19.39,10324,9832,125236,135416,74084,3535,86400
8,centralized,10,smoc5,18.46,13684,10812,60652,65824,57028,3538,86400
8,centralized,10,smoc6,18.832,6280,9804,70064,95040,76832,3557,86400
8,centralized,10,smoc7,18.134,13664,11340,69668,72388,65248,3534,86400
8,centralized,10,smoc8,18.672,16800,15092,78584,79568,59996,3534,86400
8,centralized,10,smoc9,4.868,3844,624,38576,27348,56552,3553,86400
10,centralized,1,smoc1,56.205,11044,9716,246472,276748,234864,3562,86400
10,centralized,1,smoc2,54.915,4580,6124,128384,141276,107268,3550,86400
10,centralized,1,smoc3,57.059,8148,9124,128332,142172,96812,3543,86400
10,centralized,1,smoc4,54.478,3420,6900,136828,156848,118592,3555,86400
10,centralized,1,smoc5,56.436,5848,9776,80460,106948,74724,3557,86400
10,centralized,1,smoc6,55.157,6040,7548,144096,156100,114800,3538,86400
10,centralized,1,smoc7,56.934,9268,8808,88648,111372,89692,3559,86400
10,centralized,1,smoc8,51.642,14460,14124,112376,120204,88448,3531,86400
10,centralized,1,smoc9,56.229,11932,12180,199540,210564,168724,3544,86400
10,centralized,1,smoc10,53.897,9632,7364,193592,204764,164336,3539,86400
10,centralized,1,smoc11,5.665,3832,112,78556,77080,65072,3533,86400
10,centralized,2,smoc1,24.331,10432,11500,122080,129352,68484,3559,86400
10,centralized,2,smoc2,22.972,8880,8564,71640,82580,50296,3534,86400
10,centralized,2,smoc3,25.301,7892,7316,57788,87064,48552,3561,86400
10,centralized,2,smoc4,22.962,13432,11312,111248,113512,63564,3535,86400
10,centralized,2,smoc5,24.013,8896,5892,97320,107428,52808,3538,86400
10,centralized,2,smoc6,24.257,9052,9492,71660,93280,51364,3559,86400
10,centralized,2,smoc7,24.42,13080,10480,104568,106344,59168,3534,86400
10,centralized,2,smoc8,23.56,13500,10980,82280,87200,48008,3552,86400
10,centralized,2,smoc9,23.063,13880,11912,64588,64208,57476,3532,86400
10,centralized,2,smoc10,23.518,13916,8624,64748,66964,57880,3553,86400
10,centralized,2,smoc11,5.345,7252,6628,71700,72356,55368,3539,86400
10,centralized,3,smoc1,24.244,7176,10420,85780,94784,53416,3540,86400
10,centralized,3,smoc2,24.652,12320,8464,44588,50236,40360,3534,86400
10,centralized,3,smoc3,26.434,9912,9208,88128,96324,44132,3553,86400
10,centralized,3,smoc4,23.966,11372,8888,95020,116364,59856,3556,86400
10,centralized,3,smoc5,23.473,8132,11944,72252,85304,55232,3552,86400
10,centralized,3,smoc6,25.295,12424,10492,70360,79548,55124,3540,86400
10,centralized,3,smoc7,24.318,10688,7316,84608,97912,53812,3552,86400
10,centralized,3,smoc8,24.395,7176,11804,58728,82476,74792,3548,86400
10,centralized,3,smoc9,23.998,12484,9668,78644,89844,52200,3542,86400
10,centralized,3,smoc10,24.349,12040,7596,106276,109000,56556,3535,86400
10,centralized,3,smoc11,4.844,1588,532,48540,46032,57500,3554,86400
10,centralized,4,smoc1,25.774,8220,9012,95524,118640,60260,3558,86400
10,centralized,4,smoc2,26.651,12384,7596,72728,77660,68820,3553,86400
10,centralized,4,smoc3,27.437,9164,8576,80856,106132,50568,3560,86400
10,centralized,4,smoc4,27.0,13684,9828,106456,112656,52432,3534,86400
10,centralized,4,smoc5,25.949,7576,10432,119640,152344,78900,3559,86400
10,centralized,4,smoc6,26.199,12988,8316,106048,114648,61556,3552,86400
10,centralized,4,smoc7,25.373,6300,7096,99736,110572,88148,3534,86400
10,centralized,4,smoc8,25.748,6116,10420,76200,89632,50180,3541,86400
10,centralized,4,smoc9,25.019,14160,12812,53064,59164,51824,3534,86400
10,centralized,4,smoc10,25.888,13696,6796,65124,84272,49452,3556,86400
10,centralized,4,smoc11,4.789,11680,12368,109916,111072,87180,3542,86400
10,centralized,5,smoc1,24.855,13916,8624,74776,79940,43932,3533,86400
10,centralized,5,smoc2,24.793,9068,11524,70356,76784,62756,3535,86400
10,centralized,5,smoc3,25.411,8772,9776,140948,149240,83712,3538,86400
10,centralized,5,smoc4,26.273,13916,8624,53012,63808,50596,3542,86400
10,centralized,5,smoc5,24.499,10764,10804,63052,89216,47964,3555,86400
10,centralized,5,smoc6,24.107,12428,10520,78292,87384,47044,3537,86400
10,centralized,5,smoc7,24.953,7836,10172,18816,50376,39744,3562,86400
10,centralized,5,smoc8,25.228,7512,8984,62896,82332,50124,3558,86400
10,centralized,5,smoc9,24.653,10252,8140,92284,94552,56992,3537,86400
10,centralized,5,smoc10,22.766,10440,9700,55628,60928,55052,3538,86400
10,centralized,5,smoc11,5.128,13284,22148,69524,76996,96528,3545,86400
10,centralized,6,smoc1,23.883,12976,8344,111196,111964,58004,3535,86400
10,centralized,6,smoc2,24.676,9016,12232,114404,123556,60728,3536,86400
10,centralized,6,smoc3,22.943,7808,10764,45344,71024,42424,3557,86400
10,centralized,6,smoc4,26.107,12204,9272,75472,82688,49072,3540,86400
10,centralized,6,smoc5,25.128,12968,8344,77212,84140,51108,3555,86400
10,centralized,6,smoc6,24.283,5392,7928,86512,97196,61640,3550,86400
10,centralized,6,smoc7,23.979,9588,10668,101084,111348,52784,3534,86400
10,centralized,6,smoc8,24.397,10836,7316,123640,124264,72964,3532,86400
10,centralized,6,smoc9,23.548,6036,9192,112328,131728,65076,3541,86400
10,centralized,6,smoc10,24.28,14600,10280,68280,71984,62148,3532,86400
10,centralized,6,smoc11,5.026,0,368,80300,78524,67396,3540,86400
10,centralized,7,smoc1,25.575,8296,9012,57600,67792,57272,3557,86400
10,centralized,7,smoc2,24.4,11212,9032,68992,85516,46532,3553,86400
10,centralized,7,smoc3,24.57,13000,12600,62544,88680,50832,3559,86400
10,centralized,7,smoc4,22.402,8432,9560,115920,123900,69680,3535,86400
10,centralized,7,smoc5,23.036,12868,10116,88348,93688,55984,3535,86400
10,centralized,7,smoc6,22.475,15384,10580,84004,87808,51048,3533,86400
10,centralized,7,smoc7,23.105,13500,8576,78316,85048,44816,3533,86400
10,centralized,7,smoc8,24.62,12660,8004,80824,85480,69156,3540,86400
10,centralized,7,smoc9,22.719,15436,10376,76320,77980,48992,3532,86400
10,centralized,7,smoc10,22.932,15380,12828,76268,83472,47584,3539,86400
10,centralized,7,smoc11,5.569,9700,5140,56344,58752,69000,3537,86400
10,centralized,8,smoc1,23.72,12812,10972,57640,57196,48012,3534,86400
10,centralized,8,smoc2,24.296,7280,7912,65368,82884,45324,3548,86400
10,centralized,8,smoc3,24.693,7892,5892,73284,87248,47756,3554,86400
10,centralized,8,smoc4,24.563,8760,9628,83956,87956,50624,3533,86400
10,centralized,8,smoc5,25.283,12644,9140,122288,129944,81832,3551,86400
10,centralized,8,smoc6,23.959,7652,8796,71528,81360,61656,3556,86400
10,centralized,8,smoc7,22.873,10288,10832,98720,101604,55988,3534,86400
10,centralized,8,smoc8,24.011,12700,10284,68372,70788,59444,3534,86400
10,centralized,8,smoc9,25.977,2220,11944,71840,93448,55868,3555,86400
10,centralized,8,smoc10,24.144,11816,11488,64184,86264,42204,3556,86400
10,centralized,8,smoc11,5.054,13120,11696,107976,107600,85692,3543,86400
10,centralized,9,smoc1,23.835,1596,7220,115652,134256,69460,3549,86400
10,centralized,9,smoc2,23.179,13480,12784,128984,131824,79104,3538,86400
10,centralized,9,smoc3,22.899,12872,9180,92048,93128,61424,3535,86400
10,centralized,9,smoc4,23.434,15316,8992,105988,106156,62680,3536,86400
10,centralized,9,smoc5,23.847,8072,7316,87264,95936,50792,3535,86400
10,centralized,9,smoc6,23.563,9524,9692,78672,84788,55596,3537,86400
10,centralized,9,smoc7,22.963,7832,5892,91696,112056,60068,3555,86400
10,centralized,9,smoc8,23.33,8096,5664,88720,94864,45356,3535,86400
10,centralized,9,smoc9,24.93,6840,5660,96640,108976,50748,3552,86400
10,centralized,9,smoc10,23.186,9940,7828,97452,100756,53268,3532,86400
10,centralized,9,smoc11,6.008,12532,11996,56536,59960,85452,3546,86400
10,centralized,10,smoc1,23.988,10036,10548,89944,94940,59964,3535,86400
10,centralized,10,smoc2,24.529,12660,7368,122908,125356,68852,3550,86400
10,centralized,10,smoc3,23.779,11676,9080,87580,91168,58516,3536,86400
10,centralized,10,smoc4,23.544,11924,10404,68196,70004,53148,3530,86400
10,centralized,10,smoc5,24.897,5776,6836,91976,120548,60472,3556,86400
10,centralized,10,smoc6,24.438,8732,13440,22392,48928,42868,3555,86400
10,centralized,10,smoc7,23.702,5424,8892,95764,115540,71312,3553,86400
10,centralized,10,smoc8,25.038,13268,10172,59356,66120,51456,3534,86400
10,centralized,10,smoc9,24.722,13040,10172,103936,108792,60740,3536,86400
10,centralized,10,smoc10,24.091,9440,7596,57700,65328,52192,3534,86400
10,centralized,10,smoc11,4.527,10356,9700,48104,52716,67984,3538,86400
10,distributed,1,smoc1,36.028,7144,10368,169604,199700,145624,3553,94400
10,distributed,1,smoc2,39.282,11132,12220,267316,279856,242892,3539,94400
10,distributed,1,smoc3,35.323,7884,7476,193892,213480,158632,3557,94400
10,distributed,1,smoc4,37.723,7284,9576,156668,185204,136652,3558,94400
10,distributed,1,smoc5,37.885,11424,11628,208832,229112,165680,3554,94400
10,distributed,1,smoc6,37.799,5172,6168,243672,257532,206696,3538,94400
10,distributed,1,smoc7,36.02,13684,13204,140032,150028,147248,3537,94400
10,distributed,1,smoc8,36.65,9880,9324,222224,227684,175112,3535,94400
10,distributed,1,smoc9,36.907,13500,11532,136140,146036,110692,3556,94400
10,distributed,1,smoc10,36.126,7568,10084,187972,222096,169204,3556,94400
10,distributed,1,smoc11,7.118,23392,15112,123404,119624,127904,3545,94400
10,distributed,2,smoc1,33.274,13248,11628,49988,53236,45988,3556,94400
10,distributed,2,smoc2,32.094,8936,7548,96580,103548,51532,3535,94400
10,distributed,2,smoc3,30.835,11052,10064,18332,36396,32624,3553,94400
10,distributed,2,smoc4,31.33,9332,8704,82236,85468,52076,3540,94400
10,distributed,2,smoc5,33.194,11184,8708,96896,100380,61260,3556,94400
10,distributed,2,smoc6,32.096,8908,9848,80960,88900,79720,3535,94400
10,distributed,2,smoc7,32.461,4572,6584,66648,84540,49396,3547,94400
10,distributed,2,smoc8,30.394,8628,8012,90204,99568,51572,3529,94400
10,distributed,2,smoc9,31.338,7628,9144,98952,104408,61668,3532,94400
10,distributed,2,smoc10,31.261,10876,10180,79456,87680,51892,3549,94400
10,distributed,2,smoc11,7.296,11660,18464,72308,79440,70512,3553,94400
10,distributed,3,smoc1,26.765,5236,5660,74108,85484,50444,3546,94400
10,distributed,3,smoc2,26.47,13500,11164,81776,84720,49920,3533,94400
10,distributed,3,smoc3,26.78,7736,6368,39592,61372,45992,3557,94400
10,distributed,3,smoc4,26.507,6288,10404,90860,99152,48092,3532,94400
10,distributed,3,smoc5,26.6,8956,7716,84844,92480,49476,3535,94400
10,distributed,3,smoc6,26.373,9164,11340,87124,94688,46824,3536,94400
10,distributed,3,smoc7,27.04,8160,7364,84832,98860,49376,3552,94400
10,distributed,3,smoc8,27.71,5772,7364,94372,107752,50204,3552,94400
10,distributed,3,smoc9,27.01,8852,9152,82224,86880,55480,3534,94400
10,distributed,3,smoc10,27.17,16512,13624,83028,88212,55580,3537,94400
10,distributed,3,smoc11,6.523,5684,2216,136804,135552,120036,3537,94400
10,distributed,4,smoc1,25.747,9180,10040,51256,55624,39356,3542,94400
10,distributed,4,smoc2,23.849,14840,9360,97516,96808,51540,3532,94400
10,distributed,4,smoc3,26.039,13500,10812,92840,96684,45084,3537,94400
10,distributed,4,smoc4,25.462,7444,5892,96784,104708,54612,3539,94400
10,distributed,4,smoc5,25.592,13452,8624,134492,134980,61328,3532,94400
10,distributed,4,smoc6,25.028,13672,10804,129052,135088,81700,3557,94400
10,distributed,4,smoc7,26.108,8408,11944,91064,99476,55372,3539,94400
10,distributed,4,smoc8,26.49,11784,8392,93516,96764,64200,3554,94400
10,distributed,4,smoc9,25.001,10436,10144,42168,55076,55980,3538,94400
10,distributed,4,smoc10,25.516,10916,9740,93140,105336,55300,3542,94400
10,distributed,4,smoc11,6.101,11004,2940,32984,29992,45556,3550,94400
10,distributed,5,smoc1,25.043,14716,14468,102392,105832,64656,3532,94400
10,distributed,5,smoc2,24.213,8036,9788,62544,86884,47908,3557,94400
10,distributed,5,smoc3,23.934,6736,9784,56628,65140,55284,3531,94400
10,distributed,5,smoc4,26.008,10592,10552,80104,85848,52288,3530,94400
10,distributed,5,smoc5,23.894,8824,9276,77044,84268,45448,3532,94400
10,distributed,5,smoc6,24.676,12736,8240,131484,133336,65576,3533,94400
10,distributed,5,smoc7,24.984,14244,13432,81188,86012,49032,3531,94400
10,distributed,5,smoc8,25.768,12736,8316,81548,82624,67136,3537,94400
10,distributed,5,smoc9,23.601,8356,10272,113632,119980,63108,3535,94400
10,distributed,5,smoc10,24.546,9364,9228,80204,88248,47468,3534,94400
10,distributed,5,smoc11,6.674,12772,7768,58756,55372,57760,3544,94400
10,distributed,6,smoc1,24.923,13684,8392,70412,69152,65920,3536,94400
10,distributed,6,smoc2,25.644,9792,6920,98568,109636,64932,3557,94400
10,distributed,6,smoc3,26.954,7168,11944,116460,128544,64124,3558,94400
10,distributed,6,smoc4,24.657,9100,7084,22856,54196,37976,3555,94400
10,distributed,6,smoc5,25.329,6888,9012,71780,79812,51416,3538,94400
10,distributed,6,smoc6,25.934,9004,9544,120692,135032,71016,3551,94400
10,distributed,6,smoc7,26.098,12876,13204,85184,91960,51344,3554,94400
10,distributed,6,smoc8,24.096,12164,8316,88532,92824,52004,3533,94400
10,distributed,6,smoc9,25.384,13424,10312,84648,88156,47116,3535,94400
10,distributed,6,smoc10,25.764,12568,8904,81828,90216,59036,3553,94400
10,distributed,6,smoc11,6.906,7448,8284,140524,147352,168944,3558,94400
10,distributed,7,smoc1,24.3,12232,8416,69176,78056,45000,3535,94400
10,distributed,7,smoc2,23.928,12212,8056,74540,77176,65152,3530,94400
10,distributed,7,smoc3,22.51,12680,11944,71852,76640,46324,3533,94400
10,distributed,7,smoc4,24.326,10508,8968,83552,88976,54260,3554,94400
10,distributed,7,smoc5,23.696,7112,9552,88484,94324,73956,3535,94400
10,distributed,7,smoc6,25.479,1600,8908,37540,65168,50968,3561,94400
10,distributed,7,smoc7,22.564,7400,10716,41804,75980,57288,3560,94400
10,distributed,7,smoc8,24.056,11944,10300,81372,102040,52688,3557,94400
10,distributed,7,smoc9,23.468,8568,7316,79016,85712,52476,3532,94400
10,distributed,7,smoc10,24.581,5952,5768,115108,125368,76336,3554,94400
10,distributed,7,smoc11,6.273,6944,2504,71036,67660,54268,3545,94400
10,distributed,8,smoc1,24.7,6800,7936,64124,83600,55820,3556,94400
10,distributed,8,smoc2,24.216,11956,7316,109336,117508,59652,3539,94400
10,distributed,8,smoc3,24.826,8712,9168,82164,90016,50852,3535,94400
10,distributed,8,smoc5,25.236,8588,7928,73268,84468,64088,3553,94400
10,distributed,8,smoc6,24.576,12604,10564,81196,94972,47304,3554,94400
10,distributed,8,smoc7,25.028,12168,9672,89036,95424,48472,3535,94400
10,distributed,8,smoc8,25.4,7360,10636,74316,95820,50700,3556,94400
10,distributed,8,smoc9,25.494,7124,9776,76844,87664,53792,3557,94400
10,distributed,8,smoc10,25.147,8432,7596,112728,126660,67264,3554,94400
10,distributed,8,smoc11,7.913,17752,14712,75064,73668,85448,3549,94400
10,distributed,9,smoc1,21.915,5124,8344,82700,119156,61464,3557,94400
10,distributed,9,smoc2,22.406,12904,8504,83048,89800,50464,3534,94400
10,distributed,9,smoc3,22.173,6952,9556,85524,91560,51140,3532,94400
10,distributed,9,smoc4,24.039,15336,13464,126088,130048,70588,3531,94400
10,distributed,9,smoc5,22.6,13916,13204,49328,51728,44080,3557,94400
10,distributed,9,smoc6,24.479,6468,7708,29612,53700,45156,3560,94400
10,distributed,9,smoc7,22.628,12088,6920,108328,118172,62380,3541,94400
10,distributed,9,smoc8,23.866,10612,9760,54108,79564,50616,3558,94400
10,distributed,9,smoc9,22.921,13732,8576,81416,82280,68832,3533,94400
10,distributed,9,smoc10,22.054,8116,8936,77268,99192,55376,3556,94400
10,distributed,9,smoc11,5.998,15608,18540,86932,85072,72712,3552,94400
10,distributed,10,smoc1,24.012,12228,12804,102380,106920,53004,3556,94400
10,distributed,10,smoc2,24.057,13684,8372,69676,82864,61632,3538,94400
10,distributed,10,smoc3,22.858,11548,8544,75484,82288,73564,3533,94400
10,distributed,10,smoc4,24.037,12876,10028,61708,71684,60444,3557,94400
10,distributed,10,smoc5,24.331,15592,12184,88668,96360,53464,3541,94400
10,distributed,10,smoc6,23.589,6132,5972,87112,96436,81472,3555,94400
10,distributed,10,smoc7,22.835,12468,8808,78512,92740,48268,3537,94400
10,distributed,10,smoc8,24.361,4960,7204,94636,114464,69600,3556,94400
10,distributed,10,smoc9,24.49,13332,8392,79140,85964,49744,3552,94400
10,distributed,10,smoc10,24.433,12148,10080,96712,103796,52588,3555,94400
10,distributed,10,smoc11,6.507,11460,6560,58480,58952,103036,3536,94400
10,conventional,1,smoc1,28.517,12756,12896,142236,140344,91212,3538,230400
10,conventional,1,smoc2,27.342,7596,9028,117548,139856,79332,3557,230400
10,conventional,1,smoc3,26.893,13244,10040,64052,74816,67020,3540,230400
10,conventional,1,smoc4,26.755,12324,11184,127980,132928,78048,3536,230400
10,conventional,1,smoc5,26.234,1484,7716,135228,149952,94212,3550,230400
10,conventional,1,smoc6,27.834,15500,12600,206432,203056,140024,3538,230400
10,conventional,1,smoc7,28.336,13684,8624,125936,136660,82436,3554,230400
10,conventional,1,smoc8,26.947,16736,11028,158652,158352,98512,3538,230400
10,conventional,1,smoc9,27.643,13436,8624,151284,157616,99076,3550,230400
10,conventional,1,smoc10,26.792,10368,8236,123140,123820,75140,3537,230400
10,conventional,1,smoc11,6.337,7136,8668,116584,124016,136192,3547,230400
10,conventional,2,smoc1,24.085,11716,8812,76172,81676,77016,3558,230400
10,conventional,2,smoc2,23.61,12008,10464,99224,104332,51996,3534,230400
10,conventional,2,smoc3,22.315,11244,8472,63512,74152,60460,3534,230400
10,conventional,2,smoc4,23.808,3280,8208,82160,100336,51092,3546,230400
10,conventional,2,smoc5,22.91,24700,22568,72008,76548,67416,3542,230400
10,conventional,2,smoc6,23.448,12484,8884,131784,133580,74772,3532,230400
10,conventional,2,smoc7,23.408,11068,8448,99900,126036,62888,3559,230400
10,conventional,2,smoc8,23.025,6672,7428,106196,112428,58552,3533,230400
10,conventional,2,smoc9,22.525,13732,11628,115128,117976,69128,3532,230400
10,conventional,2,smoc10,23.783,11772,11544,91112,102816,62336,3536,230400
10,conventional,2,smoc11,5.732,9720,5520,66196,62944,49248,3555,230400
10,conventional,3,smoc1,23.338,12948,11856,84652,96288,47668,3558,230400
10,conventional,3,smoc2,23.726,10908,12036,69144,72312,63380,3539,230400
10,conventional,3,smoc3,23.159,11088,9320,99628,114936,70908,3551,230400
10,conventional,3,smoc4,23.798,13576,10940,177540,181368,102320,3556,230400
10,conventional,3,smoc5,23.524,12428,10600,84792,90376,52724,3536,230400
10,conventional,3,smoc6,24.035,7756,9752,76152,84168,65236,3541,230400
10,conventional,3,smoc7,23.645,13684,11080,92200,100812,53788,3536,230400
10,conventional,3,smoc8,24.568,9056,9876,93304,117756,57952,3560,230400
10,conventional,3,smoc9,21.571,8328,5652,84736,91468,48376,3534,230400
10,conventional,3,smoc10,23.904,11056,11012,101920,118812,60464,3556,230400
10,conventional,3,smoc11,5.202,6016,724,44280,40500,62308,3540,230400
10,conventional,4,smoc1,24.261,13268,12804,92024,97032,52420,3537,230400
10,conventional,4,smoc2,22.485,9312,11600,60480,89176,47156,3555,230400
10,conventional,4,smoc3,24.115,7600,7856,124332,129904,82616,3552,230400
10,conventional,4,smoc4,23.677,3112,9464,69988,89040,53940,3553,230400
10,conventional,4,smoc5,23.299,12640,12520,51792,60420,45528,3535,230400
10,conventional,4,smoc6,22.952,8804,8796,79644,84228,50936,3538,230400
10,conventional,4,smoc7,21.994,13684,8624,108396,107888,59668,3533,230400
10,conventional,4,smoc8,24.377,13684,8392,92924,96448,59312,3554,230400
10,conventional,4,smoc9,22.854,8740,7820,51400,68052,54732,3555,230400
10,conventional,4,smoc10,22.797,15732,12000,70060,74348,61288,3539,230400
10,conventional,4,smoc11,4.992,5312,432,59956,57840,68412,3534,230400
10,conventional,5,smoc1,27.268,10856,10448,89640,94904,59404,3537,230400
10,conventional,5,smoc2,27.66,12932,10876,41648,45884,49332,3537,230400
10,conventional,5,smoc3,28.786,5716,9144,85928,102272,56720,3543,230400
10,conventional,5,smoc4,26.98,13412,9848,68548,76996,54376,3541,230400
10,conventional,5,smoc5,27.551,7572,10384,76968,103332,62552,3560,230400
10,conventional,5,smoc6,27.69,628,13164,46932,78680,45524,3560,230400
10,conventional,5,smoc7,27.654,11412,10872,22364,47336,44468,3559,230400
10,conventional,5,smoc8,28.269,12396,10016,66716,73408,68840,3547,230400
10,conventional,5,smoc9,26.914,13452,8132,50880,63132,53148,3554,230400
10,conventional,5,smoc10,28.223,10328,10332,61136,71268,70320,3544,230400
10,conventional,5,smoc11,5.520,3040,948,70384,68104,43580,3534,230400
10,conventional,6,smoc1,24.238,8996,7316,74332,84060,47292,3543,230400
10,conventional,6,smoc2,23.998,13220,10056,73332,78248,66208,3532,230400
10,conventional,6,smoc3,24.038,11672,8708,59256,89992,54020,3563,230400
10,conventional,6,smoc4,25.066,8892,8796,141804,160460,79768,3561,230400
10,conventional,6,smoc5,23.952,8652,7420,93316,100016,57736,3561,230400
10,conventional,6,smoc6,23.955,14008,11944,98084,96124,56828,3539,230400
10,conventional,6,smoc7,24.133,17012,11876,87360,89756,55204,3533,230400
10,conventional,6,smoc8,23.343,15392,13772,91132,92752,61704,3534,230400
10,conventional,6,smoc9,24.251,13452,11696,82516,91888,52984,3554,230400
10,conventional,6,smoc10,23.954,9308,9572,66624,72776,62948,3533,230400
10,conventional,6,smoc11,5.646,6948,6780,45168,44712,32296,3536,230400
10,conventional,7,smoc1,23.648,16932,11204,108808,105412,60276,3539,230400
10,conventional,7,smoc2,23.653,12344,8580,72924,99328,52276,3555,230400
10,conventional,7,smoc3,22.788,9972,9388,66764,90240,51744,3555,230400
10,conventional,7,smoc4,24.017,10916,10580,38156,67788,52760,3559,230400
10,conventional,7,smoc5,24.333,13240,8084,92840,99856,85416,3549,230400
10,conventional,7,smoc6,23.738,7840,9464,122244,131212,74408,3553,230400
10,conventional,7,smoc7,24.282,7452,5428,64056,74756,57356,3542,230400
10,conventional,7,smoc8,22.825,17416,11716,101852,100644,56364,3537,230400
10,conventional,7,smoc9,24.589,7968,10964,88440,123280,61752,3556,230400
10,conventional,7,smoc10,23.745,15428,11868,87308,89800,47580,3539,230400
10,conventional,7,smoc11,5.473,23908,18296,94840,86540,109348,3547,230400
10,conventional,8,smoc1,24.845,13684,8652,89076,87008,46664,3533,230400
10,conventional,8,smoc2,24.737,12236,9536,71836,83788,70552,3551,230400
10,conventional,8,smoc3,24.368,14040,10840,91252,92844,57548,3537,230400
10,conventional,8,smoc4,23.523,9084,7708,66620,87112,44836,3551,230400
10,conventional,8,smoc5,23.764,9360,5972,94340,122172,53588,3560,230400
10,conventional,8,smoc6,24.128,14504,12896,59232,67216,57756,3548,230400
10,conventional,8,smoc7,21.586,24836,20032,85164,90492,65796,3550,230400
10,conventional,8,smoc8,24.445,11964,11544,102728,114292,66188,3553,230400
10,conventional,8,smoc9,23.676,7024,6924,73144,82964,51096,3556,230400
10,conventional,8,smoc10,24.295,13240,9020,89372,92200,47564,3535,230400
10,conventional,8,smoc11,7.248,12392,10540,99292,100164,155736,3556,230400
10,conventional,9,smoc1,23.418,10176,10892,73864,100008,51008,3557,230400
10,conventional,9,smoc2,25.112,9320,7364,90588,98248,48204,3554,230400
10,conventional,9,smoc3,22.245,8492,7548,70088,79484,61028,3536,230400
10,conventional,9,smoc4,25.018,11192,8896,116900,126940,54376,3554,230400
10,conventional,9,smoc5,23.403,7220,9228,102452,122532,66556,3556,230400
10,conventional,9,smoc6,23.287,8072,8504,120688,129700,73624,3554,230400
10,conventional,9,smoc7,23.766,14892,10672,94616,99880,60480,3559,230400
10,conventional,9,smoc8,23.858,7456,9260,79580,85864,42884,3554,230400
10,conventional,9,smoc9,22.856,6368,6892,70616,81172,49572,3539,230400
10,conventional,9,smoc10,21.9,13732,11012,99288,110180,55744,3537,230400
10,conventional,9,smoc11,6.085,10376,5760,101632,106000,122280,3547,230400
10,conventional,10,smoc1,23.836,6456,7244,67240,89948,52624,3548,230400
10,conventional,10,smoc2,21.185,18796,13752,97060,100516,55128,3538,230400
10,conventional,10,smoc3,22.609,16152,14184,78888,79496,70840,3533,230400
10,conventional,10,smoc4,24.585,8884,7864,89068,92452,47640,3535,230400
10,conventional,10,smoc5,22.871,13452,9208,62396,65716,53332,3551,230400
10,conventional,10,smoc6,22.828,14396,11840,93072,96280,54912,3535,230400
10,conventional,10,smoc7,22.339,7756,9552,60228,88444,53732,3553,230400
10,conventional,10,smoc8,22.396,14236,9304,66208,68960,59884,3532,230400
10,conventional,10,smoc9,23.167,12704,7548,81772,91484,53148,3541,230400
10,conventional,10,smoc10,24.709,10020,10356,108980,117808,57728,3541,230400
10,conventional,10,smoc11,6.873,7436,1264,55664,62392,82268,3553,230400
10,mirrored,1,smoc1,27.246,6468,5660,121980,132652,84656,3552,116840
10,mirrored,1,smoc2,27.163,7600,8276,76772,103672,65868,3555,116840
10,mirrored,1,smoc3,26.908,12960,12236,125280,133216,89028,3549,113800
10,mirrored,1,smoc4,26.409,13732,10316,105332,108260,69364,3532,113800
10,mirrored,1,smoc5,25.71,12040,9780,157584,158896,96936,3533,116360
10,mirrored,1,smoc6,26.418,8956,7316,88440,120988,68640,3562,116360
10,mirrored,1,smoc7,26.276,7964,7132,101808,109908,66880,3531,115360
10,mirrored,1,smoc8,25.746,10440,6668,112692,119792,76424,3535,115360
10,mirrored,1,smoc9,25.84,13500,8576,147592,149332,97832,3531,113640
10,mirrored,1,smoc10,25.078,15908,11076,107740,107356,67392,3533,113640
10,mirrored,1,smoc11,7.237,15588,14400,120960,123800,134020,3552,230400
10,mirrored,2,smoc1,23.314,11820,9824,87168,111160,57188,3554,115160
10,mirrored,2,smoc2,23.125,6304,7476,41740,53008,54972,3554,115160
10,mirrored,2,smoc3,24.495,10708,7708,69532,80436,40340,3539,114800
10,mirrored,2,smoc4,24.013,8556,10284,80316,89968,53032,3558,114800
10,mirrored,2,smoc5,23.782,11924,8448,83832,88924,71516,3555,115960
10,mirrored,2,smoc6,22.679,10636,9016,140288,144216,84012,3537,115960
10,mirrored,2,smoc7,22.794,12244,12080,106012,108716,62912,3532,113800
10,mirrored,2,smoc8,23.119,13352,11736,127900,127888,67276,3534,113800
10,mirrored,2,smoc9,22.753,6856,6920,87520,99412,54184,3534,116280
10,mirrored,2,smoc10,23.477,7352,7476,84212,91076,53164,3538,116280
10,mirrored,2,smoc11,5.712,20828,18340,76188,73528,80732,3545,230400
10,mirrored,3,smoc1,22.83,12428,9940,108940,115632,70416,3538,116200
10,mirrored,3,smoc2,23.04,13656,11520,104888,107180,59724,3534,116200
10,mirrored,3,smoc3,23.272,24980,19716,84580,84164,64560,3542,115800
10,mirrored,3,smoc4,24.065,12832,8364,89192,95368,54440,3556,115800
10,mirrored,3,smoc5,23.344,12640,7892,76904,85172,46244,3537,113400
10,mirrored,3,smoc6,24.166,8524,10312,43348,62364,59588,3555,113400
10,mirrored,3,smoc7,22.46,13452,8624,94776,115568,62000,3555,114760
10,mirrored,3,smoc8,23.998,6536,7244,51672,59252,50788,3556,114760
10,mirrored,3,smoc9,22.282,6528,7316,72256,93580,45804,3545,115840
10,mirrored,3,smoc10,23.97,11628,6908,81064,95356,52908,3556,115840
10,mirrored,3,smoc11,5.487,20376,20300,80160,83148,92408,3545,230400
10,mirrored,4,smoc1,23.1,7740,9628,78808,86060,50892,3534,116280
10,mirrored,4,smoc2,25.126,2964,11340,78512,99612,62116,3560,116280
10,mirrored,4,smoc3,24.457,7640,10272,45128,60292,41228,3538,115840
10,mirrored,4,smoc4,25.376,11576,10504,96212,103628,57384,3535,115840
10,mirrored,4,smoc5,24.229,10472,9096,26280,60180,48084,3558,115680
10,mirrored,4,smoc6,25.577,8092,9584,80172,87964,56380,3551,115680
10,mirrored,4,smoc7,24.37,4336,7176,75932,90260,49268,3553,113720
10,mirrored,4,smoc8,23.983,11136,7084,79672,91420,48652,3537,113720
10,mirrored,4,smoc9,24.341,10008,12644,77016,83648,48408,3535,114480
10,mirrored,4,smoc10,25.048,13500,12368,108876,113804,65504,3560,114480
10,mirrored,4,smoc11,5.759,22232,19220,69968,67936,68052,3553,230400
10,mirrored,5,smoc1,23.963,8540,11108,47316,60688,50736,3537,113800
10,mirrored,5,smoc2,23.455,13684,10876,103376,109084,58568,3537,113800
10,mirrored,5,smoc3,22.132,7760,11128,102060,129124,62124,3554,114960
10,mirrored,5,smoc4,23.507,11492,10056,111952,117412,62136,3534,114960
10,mirrored,5,smoc5,24.132,11992,8548,103372,110368,61924,3534,115000
10,mirrored,5,smoc6,23.17,9124,13268,69748,73580,65904,3538,115000
10,mirrored,5,smoc7,23.985,6504,10144,86796,98476,48472,3553,116320
10,mirrored,5,smoc8,22.907,13732,10948,80876,88256,48288,3537,116320
10,mirrored,5,smoc9,23.27,13472,10984,119196,122696,59792,3534,115920
10,mirrored,5,smoc10,24.495,10964,8580,87984,95812,53280,3533,115920
10,mirrored,5,smoc11,6.260,12240,7196,42668,44692,56932,3557,230400
10,mirrored,6,smoc1,23.986,11784,12712,111680,116204,59928,3535,115800
10,mirrored,6,smoc2,24.605,7996,9112,92140,111576,56712,3557,115800
10,mirrored,6,smoc3,24.307,11236,7624,91296,94988,53928,3532,116040
10,mirrored,6,smoc4,24.757,15360,11880,72280,74692,63616,3533,116040
10,mirrored,6,smoc5,23.859,8976,9256,76280,84440,51232,3536,114640
10,mirrored,6,smoc6,24.317,11984,11044,88000,93724,52068,3534,114640
10,mirrored,6,smoc7,25.346,9472,7596,135488,144836,76192,3556,114840
10,mirrored,6,smoc8,24.301,11168,9752,104168,108256,61416,3537,114840
10,mirrored,6,smoc9,24.969,13124,11240,85956,98616,77524,3556,114680
10,mirrored,6,smoc10,24.419,10544,8596,77636,98684,50404,3548,114680
10,mirrored,6,smoc11,6.024,9468,5144,52156,50872,96112,3534,230400
10,mirrored,7,smoc1,22.248,12652,8316,68488,77356,50048,3535,117440
10,mirrored,7,smoc2,24.672,9048,13136,38868,65404,55544,3556,117440
10,mirrored,7,smoc3,25.454,9640,8480,82876,89924,59768,3541,115320
10,mirrored,7,smoc4,24.011,7324,5892,120020,123404,72328,3534,115320
10,mirrored,7,smoc5,24.127,13000,12804,93948,100240,59740,3537,116160
10,mirrored,7,smoc6,23.758,12324,10284,86816,89528,51740,3536,116160
10,mirrored,7,smoc7,23.908,8592,11776,80712,91780,77460,3538,113240
10,mirrored,7,smoc8,24.33,13424,11520,74196,77140,67528,3535,113240
10,mirrored,7,smoc9,24.709,4540,9832,77928,90688,47540,3554,113840
10,mirrored,7,smoc10,22.833,14520,10832,134016,140032,75288,3534,113840
10,mirrored,7,smoc11,5.977,9192,8232,73628,71260,91576,3559,230400
10,mirrored,8,smoc1,24.067,9052,7948,93172,102768,68748,3557,115600
10,mirrored,8,smoc2,22.417,11072,7364,99528,103204,54568,3534,115600
10,mirrored,8,smoc3,24.69,9232,9056,51144,58160,53832,3552,115600
10,mirrored,8,smoc4,24.414,16404,11888,75540,82620,46212,3543,115600
10,mirrored,8,smoc5,24.9,11656,8624,90432,97480,50224,3553,116840
10,mirrored,8,smoc6,24.028,16676,17088,155852,160916,97172,3545,116840
10,mirrored,8,smoc7,24.185,8412,6688,50076,69688,43728,3559,113040
10,mirrored,8,smoc8,24.268,9692,7316,87020,90972,54840,3535,113040
10,mirrored,8,smoc9,23.238,10408,6852,97848,103228,58184,3535,114920
10,mirrored,8,smoc10,24.419,9184,8624,80300,85928,53324,3537,114920
10,mirrored,8,smoc11,5.426,16524,12316,82768,78128,53564,3546,230400
10,mirrored,9,smoc1,27.314,7084,5920,58892,64480,60700,3533,116360
10,mirrored,9,smoc2,28.246,12520,10848,112176,120232,66676,3536,116360
10,mirrored,9,smoc3,28.947,12828,10640,89100,96384,63268,3554,114720
10,mirrored,9,smoc4,28.501,13500,10912,73288,80960,68440,3537,114720
10,mirrored,9,smoc5,27.832,10024,7780,42212,70120,61400,3560,115000
10,mirrored,9,smoc6,27.561,11240,10368,83296,87476,58648,3532,115000
10,mirrored,9,smoc7,27.745,11768,8624,94252,99120,60356,3537,114280
10,mirrored,9,smoc8,27.928,13480,12600,72344,72300,73076,3537,114280
10,mirrored,9,smoc9,27.435,10704,7364,67348,90300,50580,3558,115640
10,mirrored,9,smoc10,27.898,12180,8576,33736,60992,49152,3562,115640
10,mirrored,9,smoc11,6.644,12304,17080,86960,94512,68732,3552,230400
10,mirrored,10,smoc1,26.323,10000,8796,80760,91660,57564,3541,115600
10,mirrored,10,smoc2,28.004,7892,9340,77188,85144,56184,3534,115600
10,mirrored,10,smoc3,27.103,9116,10636,78944,86120,58980,3532,115560
10,mirrored,10,smoc4,27.936,12816,12336,82952,94644,55772,3543,115560
10,mirrored,10,smoc5,26.237,12652,11976,84560,89528,60244,3537,114680
10,mirrored,10,smoc6,26.804,9868,10588,68444,96892,56916,3557,114680
10,mirrored,10,smoc7,26.842,11044,11976,28872,49480,52536,3551,114560
10,mirrored,10,smoc8,27.915,13916,12468,90808,98984,55416,3556,114560
10,mirrored,10,smoc9,27.64,7388,10520,26724,59084,56516,3558,115600
10,mirrored,10,smoc10,27.184,8708,10768,92668,100480,68296,3552,115600
10,mirrored,10,smoc11,5.955,10032,4392,37376,27324,48744,3559,230400