ReplicaSet,Solution,Experiment,SmocId,RestoreDurationInSec,VmPeak,VmSize,VmHWM,VmRSS,VmData,DeltaMemoryUsageInKbFromTop
4,distributed,1,smoc1,20.172,11948,10376,90448,94544,83260,4086
4,distributed,1,smoc2,20.212,3848,9712,96292,109048,112620,4082
4,distributed,1,smoc3,20.863,7128,10448,88704,106272,98184,4089
4,distributed,1,smoc4,19.693,11324,11584,120832,133232,133080,4074
4,distributed,1,smoc5,8.900,23196,21728,180136,175704,198396,4079
4,distributed,2,smoc1,10.017,6940,8816,82516,97904,71480,4088
4,distributed,2,smoc2,10.071,6724,8780,100916,114968,82128,4085
4,distributed,2,smoc3,10.354,13900,11688,76404,95776,67556,4089
4,distributed,2,smoc4,9.591,8908,10700,90860,107228,72488,4089
4,distributed,2,smoc5,6.799,12576,4552,97500,91408,73564,4090
4,distributed,3,smoc1,11.034,12496,10000,61944,64516,45640,4076
4,distributed,3,smoc2,9.541,13508,10244,81200,89248,59924,4079
4,distributed,3,smoc3,10.542,5492,9080,92984,110344,75964,4077
4,distributed,3,smoc4,10.437,12372,11296,73148,72080,55704,4072
4,distributed,3,smoc5,8.015,10428,9204,98108,101772,101792,4084
4,distributed,4,smoc1,10.342,7816,7488,40516,46184,35460,4083
4,distributed,4,smoc2,10.45,8604,9612,72056,88596,55624,4084
4,distributed,4,smoc3,10.555,860,10872,64220,86300,73728,4091
4,distributed,4,smoc4,10.32,9388,8520,75876,92768,66924,4088
4,distributed,4,smoc5,6.425,16372,8436,107616,106180,82072,4086
4,distributed,5,smoc1,9.17,7464,9852,65468,89840,62332,4094
4,distributed,5,smoc2,9.199,7124,11276,74664,93976,62764,4079
4,distributed,5,smoc3,9.677,7152,10028,76400,93524,70644,4093
4,distributed,5,smoc4,9.26,4604,10180,88324,102028,74060,4073
4,distributed,5,smoc5,6.796,10408,4112,53684,54304,50460,4082
4,distributed,6,smoc1,9.822,4768,9980,96856,109848,75456,4072
4,distributed,6,smoc2,10.07,8264,12664,72840,94396,67036,4090
4,distributed,6,smoc3,10.238,10900,10344,113864,122428,97788,4075
4,distributed,6,smoc4,10.623,9136,13044,81844,99040,73196,4085
4,distributed,6,smoc5,7.158,22500,17904,112200,108512,90180,4077
4,distributed,7,smoc1,9.635,12128,8576,73460,95540,68952,4092
4,distributed,7,smoc2,9.352,13508,11036,105832,110168,72344,4067
4,distributed,7,smoc3,8.907,9172,9072,98792,105004,64364,4071
4,distributed,7,smoc4,9.68,8944,9632,69500,88388,64788,4090
4,distributed,7,smoc5,7.296,12580,12352,79380,80892,87520,4083
4,distributed,8,smoc1,9.715,13920,11688,95432,114668,85860,4089
4,distributed,8,smoc2,9.855,6168,10376,81036,95588,68924,4077
4,distributed,8,smoc3,9.576,452,8828,98300,119384,88396,4086
4,distributed,8,smoc4,9.473,11188,10804,89524,101924,74544,4079
4,distributed,8,smoc5,7.548,7800,3300,98264,94688,93648,4091
4,distributed,9,smoc1,9.394,8816,9308,88768,103284,70712,4073
4,distributed,9,smoc2,9.141,8652,9448,100848,110948,80336,4082
4,distributed,9,smoc3,9.856,13668,11784,68616,89104,58168,4093
4,distributed,9,smoc4,9.651,7012,9596,73512,90508,59424,4087
4,distributed,9,smoc5,6.511,5800,6308,50016,50696,63152,4088
4,distributed,10,smoc1,8.928,12360,10616,77428,94080,64116,4087
4,distributed,10,smoc2,9.871,13200,10508,92660,110804,78884,4089
4,distributed,10,smoc3,9.76,6736,5864,76948,96488,74664,4089
4,distributed,10,smoc4,9.171,8584,12976,60096,72576,62352,4084
4,distributed,10,smoc5,6.461,5988,1144,80500,80000,78776,4086
4,centralized,1,smoc1,9.356,15164,12608,149248,156400,123872,4065
4,centralized,1,smoc2,9.075,11856,10812,96580,116396,78592,4086
4,centralized,1,smoc3,9.549,9068,9520,94172,109308,75992,4079
4,centralized,1,smoc4,9.403,4560,10248,79180,100284,68840,4089
4,centralized,1,smoc5,5.020,6564,4084,91440,88784,60108,4070
4,centralized,2,smoc1,10.266,13688,12976,99972,110868,81268,4074
4,centralized,2,smoc2,9.144,7204,9772,91416,99608,70856,4074
4,centralized,2,smoc3,10.663,6588,6720,82208,104384,62152,4091
4,centralized,2,smoc4,10.221,9260,10180,118208,134076,95148,4083
4,centralized,2,smoc5,6.133,7400,5576,58052,55256,78184,4069
4,centralized,3,smoc1,9.712,8184,9624,87044,101008,70468,4074
4,centralized,3,smoc2,9.713,6768,9024,64324,84236,66868,4085
4,centralized,3,smoc3,9.992,6856,9848,72252,97816,67964,4093
4,centralized,3,smoc4,10.508,5312,8608,72720,89428,61804,4095
4,centralized,3,smoc5,5.063,7020,2516,50524,47944,40548,4085
4,centralized,4,smoc1,9.611,2324,7252,82304,95356,79260,4079
4,centralized,4,smoc2,9.608,11504,12292,48788,53692,33588,4083
4,centralized,4,smoc3,9.288,7808,9716,76496,100000,70992,4092
4,centralized,4,smoc4,9.888,7168,10376,65448,84760,61488,4090
4,centralized,4,smoc5,5.035,9148,6192,59496,52872,63200,4086
4,centralized,5,smoc1,9.576,12616,11036,89584,101944,68716,4070
4,centralized,5,smoc2,9.121,13456,7928,69128,89924,57548,4089
4,centralized,5,smoc3,9.612,12588,10744,106804,123512,104184,4091
4,centralized,5,smoc4,9.455,13052,12356,84328,96620,63724,4071
4,centralized,5,smoc5,5.679,9188,52,39724,41672,31384,4070
4,centralized,6,smoc1,10.164,10856,11476,61456,85176,66324,4089
4,centralized,6,smoc2,10.55,8556,7556,80184,92032,50956,4085
4,centralized,6,smoc3,10.452,12092,9880,83932,101068,69292,4091
4,centralized,6,smoc4,10.546,9916,9628,102932,121960,77680,4090
4,centralized,6,smoc5,5.362,3248,824,80984,78272,106844,4074
4,centralized,7,smoc1,10.353,13740,11868,77292,93872,58868,4082
4,centralized,7,smoc2,9.738,5480,10616,91880,108972,73312,4087
4,centralized,7,smoc3,10.743,9076,11076,85764,96220,71172,4076
4,centralized,7,smoc4,10.437,10248,9400,71352,91556,65776,4090
4,centralized,7,smoc5,5.802,10556,5808,66112,61048,50084,4083
4,centralized,8,smoc1,10.023,8680,10528,101636,119876,91592,4089
4,centralized,8,smoc2,9.722,12988,11276,80212,89264,58924,4071
4,centralized,8,smoc3,9.789,11092,10276,87652,97920,68572,4076
4,centralized,8,smoc4,9.801,6804,11276,73568,96304,83352,4091
4,centralized,8,smoc5,6.229,8532,5684,172356,174768,163664,4076
4,centralized,9,smoc1,9.596,7020,9820,86384,96568,74780,4078
4,centralized,9,smoc2,10.003,13276,13044,49664,59500,45128,4091
4,centralized,9,smoc3,10.164,13488,13024,69808,92148,66596,4090
4,centralized,9,smoc4,10.582,8568,10376,81552,91612,84912,4087
4,centralized,9,smoc5,6.083,2300,4280,78732,79060,48092,4082
4,centralized,10,smoc1,9.95,13488,10804,80368,92416,75552,4084
4,centralized,10,smoc2,9.26,9020,9084,77580,88928,62576,4077
4,centralized,10,smoc3,9.836,9700,7316,105736,112016,77520,4070
4,centralized,10,smoc4,10.292,7376,10508,88708,104692,69708,4086
4,centralized,10,smoc5,5.556,11984,4804,57968,55876,51556,4082
4,conventional,1,smoc1,11.129,11580,12036,216820,232344,170168,4088
4,conventional,1,smoc2,10.988,6284,9012,238148,247572,175020,4074
4,conventional,1,smoc3,10.866,11908,12016,128000,144644,103616,4091
4,conventional,1,smoc4,9.946,8408,9388,213824,232828,134160,4089
4,conventional,1,smoc5,7.509,20492,13820,70024,70644,81112,4083
4,conventional,2,smoc1,10.394,11196,12604,160788,169464,103988,4070
4,conventional,2,smoc2,9.65,13740,11868,182344,187392,116068,4068
4,conventional,2,smoc3,10.291,2484,9764,158412,181532,101940,4092
4,conventional,2,smoc4,10.332,13740,13044,127060,135452,83596,4075
4,conventional,2,smoc5,6.593,10796,2788,92940,86496,93192,4086
4,conventional,3,smoc1,9.673,8040,11220,157500,168784,104768,4075
4,conventional,3,smoc2,9.561,11820,10688,145004,157140,87408,4075
4,conventional,3,smoc3,9.226,10840,12236,179636,185208,108668,4076
4,conventional,3,smoc4,9.762,12700,12604,187644,211188,119456,4090
4,conventional,3,smoc5,5.760,5176,1252,77892,72616,90944,4085
4,conventional,4,smoc1,10.757,13276,12812,151612,158260,81160,4074
4,conventional,4,smoc2,10.093,10260,10552,188548,201808,116108,4084
4,conventional,4,smoc3,10.223,3920,10292,158264,180224,113760,4085
4,conventional,4,smoc4,9.924,12184,8104,114912,131948,81232,4086
4,conventional,4,smoc5,5.925,6492,2948,51616,53228,46092,4083
4,conventional,5,smoc1,9.445,5304,9756,97936,113992,69796,4084
4,conventional,5,smoc2,9.55,12396,10896,139500,163588,91924,4090
4,conventional,5,smoc3,9.054,7820,9504,162120,174820,100780,4081
4,conventional,5,smoc4,9.151,10796,12604,162876,171900,106488,4073
4,conventional,5,smoc5,6.188,6652,3940,47168,44840,30044,4083
4,conventional,6,smoc1,9.815,4080,11784,103788,121480,75604,4091
4,conventional,6,smoc2,10.8,13508,11768,149556,163664,89660,4088
4,conventional,6,smoc3,10.471,12272,9876,155540,175656,103272,4091
4,conventional,6,smoc4,10.329,4700,10204,121804,132232,81288,4076
4,conventional,6,smoc5,6.211,5644,2884,44152,45644,53096,4088
4,conventional,7,smoc1,9.443,11340,9496,163472,183724,93612,4091
4,conventional,7,smoc2,9.32,7452,8516,139188,166896,95592,4092
4,conventional,7,smoc3,10.056,12156,11672,122068,146812,82408,4092
4,conventional,7,smoc4,9.111,10440,9036,137436,150448,91320,4084
4,conventional,7,smoc5,6.455,9312,9116,55768,59056,40316,4076
4,conventional,8,smoc1,11.891,8892,7936,121616,129340,91916,4075
4,conventional,8,smoc2,12.754,2768,11784,151672,166300,101888,4075
4,conventional,8,smoc3,12.978,8876,12248,127452,132000,70900,4073
4,conventional,8,smoc4,12.432,9052,11008,185580,186984,100948,4070
4,conventional,8,smoc5,6.033,6164,6556,93900,94788,84768,4089
4,conventional,9,smoc1,9.931,7900,9320,126116,126472,63724,4073
4,conventional,9,smoc2,10.089,6948,8248,100284,121356,74928,4091
4,conventional,9,smoc3,10.527,7604,10552,186500,201860,129504,4089
4,conventional,9,smoc4,9.654,8732,10064,164076,170908,105820,4075
4,conventional,9,smoc5,6.566,10664,2920,91944,90392,95604,4086
4,conventional,10,smoc1,10.997,8268,8016,143936,158712,90436,4085
4,conventional,10,smoc2,10.215,13256,13024,161728,168996,95708,4070
4,conventional,10,smoc3,10.591,9448,8504,155680,174720,96884,4090
4,conventional,10,smoc4,10.667,9236,13688,186836,196788,116460,4073
4,conventional,10,smoc5,6.163,8120,7268,46396,47136,39028,4089
6,conventional,1,smoc1,15.818,8264,11784,131392,147748,84756,4089
6,conventional,1,smoc2,14.912,8040,7572,141736,149280,77632,4079
6,conventional,1,smoc3,15.792,10124,11064,112224,126692,82032,4079
6,conventional,1,smoc4,15.981,10252,9192,138160,140540,95236,4079
6,conventional,1,smoc5,15.44,5972,8944,138344,155860,87108,4087
6,conventional,1,smoc6,14.889,9372,13000,166628,177180,112688,4087
6,conventional,1,smoc7,7.685,10628,3632,102392,101420,105268,4086
6,conventional,2,smoc1,15.506,10372,7776,65116,64836,39380,4088
6,conventional,2,smoc2,14.968,11280,11340,154120,161780,89384,4082
6,conventional,2,smoc3,13.958,10632,12136,145948,152556,91800,4069
6,conventional,2,smoc4,15.3,14188,9260,92152,111628,70780,4089
6,conventional,2,smoc5,14.726,10096,8948,111180,122004,68424,4086
6,conventional,2,smoc6,14.749,8724,11688,128068,145548,96480,4090
6,conventional,2,smoc7,6.251,4956,1360,41312,41884,38124,4084
6,conventional,3,smoc1,16.893,6856,8332,49624,65472,52380,4089
6,conventional,3,smoc2,15.788,8544,10284,85940,89816,64264,4088
6,conventional,3,smoc3,15.754,6460,9504,182668,192088,109252,4079
6,conventional,3,smoc4,15.934,13688,9840,112168,113052,79620,4075
6,conventional,3,smoc5,16.391,11952,12016,115572,119524,76812,4078
6,conventional,3,smoc6,15.998,9328,8352,145956,150632,133848,4077
6,conventional,3,smoc7,6.890,14020,4348,119376,113152,87524,4079
6,conventional,4,smoc1,15.561,8256,7600,113392,123712,78228,4075
6,conventional,4,smoc2,14.705,27648,24892,142100,145952,106712,4088
6,conventional,4,smoc3,15.436,9720,8108,130488,137360,87428,4083
6,conventional,4,smoc4,14.378,12472,8052,123612,140200,78940,4090
6,conventional,4,smoc5,14.706,13276,9840,138268,153404,95028,4087
6,conventional,4,smoc6,14.453,11808,11440,102508,111572,63104,4086
6,conventional,4,smoc7,6.323,4124,356,52512,52244,61160,4084
6,conventional,5,smoc1,15.084,7064,9740,118632,121528,72316,4078
6,conventional,5,smoc2,14.551,13716,8568,125288,127912,76692,4086
6,conventional,5,smoc3,14.407,10836,12812,92456,113912,59996,4090
6,conventional,5,smoc4,14.888,8044,7076,86940,100084,57668,4089
6,conventional,5,smoc5,13.568,7532,8716,119224,136104,85556,4089
6,conventional,5,smoc6,14.747,8528,10824,111480,123444,66032,4081
6,conventional,5,smoc7,6.217,6364,4220,50212,48808,60916,408
6,conventional,6,smoc1,15.314,11068,11144,113932,137652,81360,4091
6,conventional,6,smoc2,14.507,8348,7364,119060,127384,80372,4083
6,conventional,6,smoc3,14.869,7080,7596,116976,124600,70084,4074
6,conventional,6,smoc4,14.379,8696,10376,148956,165304,104504,4089
6,conventional,6,smoc5,14.63,7320,9264,110348,131536,77936,4095
6,conventional,6,smoc6,13.734,13276,8988,101736,117348,71152,4085
6,conventional,6,smoc7,9.316,10148,3084,91588,101496,131260,4082
6,conventional,7,smoc1,15.173,13284,11320,155984,161788,92788,4071
6,conventional,7,smoc2,14.88,7252,7632,165608,183740,88644,4086
6,conventional,7,smoc3,14.591,11284,11280,148052,169264,103300,4090
6,conventional,7,smoc4,14.476,7616,7788,177812,194208,114756,4093
6,conventional,7,smoc5,15.351,11376,7788,215592,235268,132560,4091
6,conventional,7,smoc6,15.847,13688,12976,136092,151540,88956,4090
6,conventional,7,smoc7,6.666,10612,6512,86052,86104,101176,4074
6,conventional,8,smoc1,15.028,8904,10288,110680,117884,63648,4076
6,conventional,8,smoc2,13.518,1456,10244,148216,169604,104524,4091
6,conventional,8,smoc3,14.706,8436,9424,126668,145528,93248,4092
6,conventional,8,smoc4,15.978,8324,8696,120352,130788,79676,4083
6,conventional,8,smoc5,14.158,8696,8060,71696,85744,64432,4088
6,conventional,8,smoc6,14.322,9184,9064,160344,163416,88424,4067
6,conventional,8,smoc7,5.853,6528,820,43108,42284,32540,4086
6,conventional,9,smoc1,16.123,13740,13044,106140,122200,63908,4091
6,conventional,9,smoc2,15.703,8172,7984,124508,129744,68348,4084
6,conventional,9,smoc3,15.364,7308,7820,107604,114076,71800,4083
6,conventional,9,smoc4,15.259,7388,9608,50772,52000,50504,4092
6,conventional,9,smoc5,15.834,7944,10216,100680,116632,71780,4088
6,conventional,9,smoc6,15.381,6760,12076,164632,184800,118400,4094
6,conventional,9,smoc7,6.486,9416,9460,82744,86684,67576,4084
6,conventional,10,smoc1,15.635,13508,10416,126840,134532,79264,4077
6,conventional,10,smoc2,14.892,11236,8172,183928,188048,106816,4079
6,conventional,10,smoc3,14.359,13740,13044,122092,139580,76672,4088
6,conventional,10,smoc4,14.636,8704,10724,153064,172976,101016,4093
6,conventional,10,smoc5,14.708,12880,7556,156564,156972,84956,4071
6,conventional,10,smoc6,15.327,7232,11072,153580,158708,93760,4080
6,conventional,10,smoc7,6.858,5408,4248,40832,43664,50536,4081
6,distributed,1,smoc1,19.718,6692,7248,74872,82668,56280,4085
6,distributed,1,smoc2,19.203,11552,10760,79280,85148,57876,4073
6,distributed,1,smoc3,19.099,10800,8044,88160,98900,84624,4089
6,distributed,1,smoc4,18.798,10704,10740,63056,73016,71568,4083
6,distributed,1,smoc5,18.242,3692,7016,61096,74180,56736,4086
6,distributed,1,smoc6,18.404,11992,10972,91252,97372,79104,4083
6,distributed,1,smoc7,6.612,12980,7628,93984,94828,85736,4086
6,distributed,2,smoc1,15.152,11104,10456,55364,73352,61160,4088
6,distributed,2,smoc2,14.911,10476,10580,76256,87428,72688,4075
6,distributed,2,smoc3,14.121,4464,9044,74128,95572,88892,4092
6,distributed,2,smoc4,15.325,5972,8012,64744,71676,60892,4080
6,distributed,2,smoc5,14.822,7668,10216,70728,86856,62624,4084
6,distributed,2,smoc6,14.949,11068,6688,59224,81188,61780,4092
6,distributed,2,smoc7,6.772,11052,1104,112220,104972,87532,4088
6,distributed,3,smoc1,15.045,8968,8272,96444,103344,76644,4076
6,distributed,3,smoc2,15.571,11232,10304,72852,86404,67552,4084
6,distributed,3,smoc3,14.558,9752,8724,65056,77080,64580,4076
6,distributed,3,smoc4,13.907,4200,8744,24512,37600,31976,4092
6,distributed,3,smoc5,14.971,11308,8048,59840,75780,18468,4088
6,distributed,3,smoc6,15.371,10892,7336,75380,81876,63316,4075
6,distributed,3,smoc7,7.388,21076,18384,93836,88516,95348,4085
6,distributed,4,smoc1,15.123,6572,9388,60384,77136,59144,4090
6,distributed,4,smoc2,15.339,6080,7020,65560,85004,71172,4088
6,distributed,4,smoc3,15.337,10252,10856,66716,71856,82088,4082
6,distributed,4,smoc4,15.577,7236,7700,82848,90416,71076,4077
6,distributed,4,smoc5,14.533,10312,7948,95388,101440,80508,4070
6,distributed,4,smoc6,14.944,5916,7556,70908,82484,64084,4073
6,distributed,4,smoc7,7.333,9920,10040,70760,68848,74128,4088
6,distributed,5,smoc1,15.84,5564,7124,58120,66020,65636,4084
6,distributed,5,smoc2,15.243,11500,11104,52620,57264,47972,4074
6,distributed,5,smoc3,14.803,8184,9740,68292,85376,72308,4088
6,distributed,5,smoc4,14.834,11300,11036,68020,83696,75552,4087
6,distributed,5,smoc5,15.391,11300,7956,71312,82608,74892,4073
6,distributed,5,smoc6,15.981,6400,6736,86280,100436,77868,4083
6,distributed,5,smoc7,7.020,20520,19856,117828,115708,108844,4092
6,distributed,6,smoc1,15.942,5908,9440,68120,76704,64708,4074
6,distributed,6,smoc2,16.19,9204,9552,61768,77620,74468,4089
6,distributed,6,smoc3,15.633,6948,10312,64384,79660,66312,4086
6,distributed,6,smoc4,15.824,12540,10648,77272,85356,66512,4073
6,distributed,6,smoc5,15.232,5244,9044,69860,88500,74276,4088
6,distributed,6,smoc6,16.188,11540,11044,71192,89208,68832,4088
6,distributed,6,smoc7,8.349,13496,7248,59128,57612,64632,4084
6,distributed,7,smoc1,15.555,8428,9396,73412,87008,69904,4073
6,distributed,7,smoc2,13.849,7104,7052,69668,85668,59268,4079
6,distributed,7,smoc3,14.953,6352,9888,72128,84632,63512,4075
6,distributed,7,smoc4,14.852,9908,10476,26188,28696,23736,4088
6,distributed,7,smoc5,15.474,5336,8012,69828,83128,62040,4080
6,distributed,7,smoc6,15.504,11348,9408,83404,91272,81636,4074
6,distributed,7,smoc7,7.211,11672,7784,83528,83892,98456,4086
6,distributed,8,smoc1,15.36,3960,9556,64676,74648,61032,4088
6,distributed,8,smoc2,15.481,13304,12816,77288,90096,60268,4086
6,distributed,8,smoc3,14.073,9844,9052,93392,112808,85036,4086
6,distributed,8,smoc4,15.569,6056,7820,69552,87316,70196,4090
6,distributed,8,smoc5,15.052,6968,6820,78636,92744,65748,4085
6,distributed,8,smoc6,15.152,6048,7816,66888,88008,70816,4087
6,distributed,8,smoc7,6.806,13128,8896,70276,69896,63592,4093
6,distributed,9,smoc1,15.068,5376,8052,56192,75872,64524,4095
6,distributed,9,smoc2,15.579,10368,9536,75664,84740,70636,4084
6,distributed,9,smoc3,14.982,11044,11720,68724,76964,60648,4076
6,distributed,9,smoc4,15.902,6800,9820,71292,90492,64300,4092
6,distributed,9,smoc5,15.162,6400,7676,24832,31536,24436,4086
6,distributed,9,smoc6,15.932,8680,7496,28336,37456,29924,4089
6,distributed,9,smoc7,6.482,13944,16204,101480,96516,92804,4080
6,distributed,10,smoc1,15.61,10852,8508,101588,108004,77760,4075
6,distributed,10,smoc2,15.524,11144,8608,71296,79452,72304,4075
6,distributed,10,smoc3,14.154,6516,8076,74868,81100,63812,4073
6,distributed,10,smoc4,15.148,4056,8820,77692,94668,79620,4088
6,distributed,10,smoc5,14.105,11532,8424,43516,46572,37776,4069
6,distributed,10,smoc6,15.255,10224,10820,80716,90208,74928,4085
6,distributed,10,smoc7,6.662,7660,5084,68048,68312,85928,4086
6,centralized,1,smoc1,14.912,6120,9552,74648,89872,68776,4077
6,centralized,1,smoc2,14.908,6504,7556,56212,65172,57844,4074
6,centralized,1,smoc3,14.656,10292,10520,90504,98828,72400,4078
6,centralized,1,smoc4,14.74,6928,7788,71620,86400,67440,4082
6,centralized,1,smoc5,14.56,6060,9024,27100,34584,32812,4088
6,centralized,1,smoc6,14.761,6192,6736,34644,47548,43320,4090
6,centralized,1,smoc7,5.169,2232,1284,32428,32284,40276,4073
6,centralized,2,smoc1,15.456,10152,6900,86508,88172,60888,4086
6,centralized,2,smoc2,15.716,10492,10804,55504,75992,63044,4089
6,centralized,2,smoc3,14.733,5988,9480,76608,83988,65796,4076
6,centralized,2,smoc4,15.216,11300,10420,84508,93872,78828,4077
6,centralized,2,smoc5,15.088,9100,11068,28424,34264,23760,4091
6,centralized,2,smoc6,15.283,11328,8816,65996,76800,64184,4076
6,centralized,2,smoc7,5.208,1680,3020,36456,34732,46224,4085
6,centralized,3,smoc1,15.126,7220,9552,66976,90276,64660,4088
6,centralized,3,smoc2,15.968,6768,7544,69140,76768,63404,4081
6,centralized,3,smoc3,15.051,6340,9744,78472,86680,63172,4079
6,centralized,3,smoc4,15.276,6944,6496,70964,77612,60936,4085
6,centralized,3,smoc5,14.96,5812,8052,74992,83088,69960,4075
6,centralized,3,smoc6,15.593,5848,7348,110912,118176,87104,4077
6,centralized,3,smoc7,5.599,10564,4972,52824,51112,40104,4068
6,centralized,4,smoc1,14.921,9008,10412,74684,89408,69960,4074
6,centralized,4,smoc2,15.822,10072,10392,78568,84012,65120,4067
6,centralized,4,smoc3,15.009,7976,6736,54164,56788,43728,4069
6,centralized,4,smoc4,16.562,11308,8848,74948,83892,72632,4077
6,centralized,4,smoc5,15.303,7572,7132,97436,107816,77504,4071
6,centralized,4,smoc6,15.762,10472,7984,74604,81468,53460,4074
6,centralized,4,smoc7,5.815,7828,764,114424,113876,93280,4085
6,centralized,5,smoc1,15.039,9708,10796,68132,79836,57076,4078
6,centralized,5,smoc2,14.167,7620,8172,69180,77068,52844,4072
6,centralized,5,smoc3,15.187,9528,7544,93156,104156,77912,4074
6,centralized,5,smoc4,14.863,6300,9964,75684,86288,72856,4070
6,centralized,5,smoc5,15.419,9036,7348,67132,79884,78120,4085
6,centralized,5,smoc6,14.233,6328,5780,62852,71880,67168,4077
6,centralized,5,smoc7,5.837,784,7096,79744,79052,87668,4082
6,centralized,6,smoc1,15.352,5816,9404,57128,73056,62972,4085
6,centralized,6,smoc2,14.63,8032,8312,70644,85960,73176,4088
6,centralized,6,smoc3,14.577,11308,7764,84132,85428,67232,4067
6,centralized,6,smoc4,15.399,11088,7532,71444,85344,74220,4085
6,centralized,6,smoc5,14.909,7080,7728,64112,80176,68000,4087
6,centralized,6,smoc6,14.907,1648,7668,10316,30036,20896,4094
6,centralized,6,smoc7,5.219,12144,6368,60876,57024,63828,4069
6,centralized,7,smoc1,14.53,7380,10752,56572,72728,71132,4083
6,centralized,7,smoc2,14.395,5388,10040,65316,77044,63008,4085
6,centralized,7,smoc3,14.562,6664,6488,64168,76212,65560,4082
6,centralized,7,smoc4,14.72,5524,9616,66052,88020,71592,4089
6,centralized,7,smoc5,14.742,7032,7220,36576,39060,33776,4078
6,centralized,7,smoc6,15.06,6292,6736,71716,82428,58476,4081
6,centralized,7,smoc7,4.870,7992,3388,43600,35916,31024,4081
6,centralized,8,smoc1,15.588,3376,9544,71400,87108,75200,4084
6,centralized,8,smoc2,15.995,6592,9380,70304,84340,75816,4089
6,centralized,8,smoc3,15.518,9556,7304,67328,87116,78216,4091
6,centralized,8,smoc4,14.836,5664,9564,14908,27916,24772,4083
6,centralized,8,smoc5,15.446,11552,10756,79892,93404,87828,4086
6,centralized,8,smoc6,15.359,10684,8228,62412,81712,58020,4089
6,centralized,8,smoc7,5.424,10852,2116,85348,82436,93592,4081
6,centralized,9,smoc1,15.235,5348,7700,67860,81392,71752,4084
6,centralized,9,smoc2,16.696,9148,8296,67764,80652,67840,4080
6,centralized,9,smoc3,15.287,11532,10304,80420,86308,60704,4074
6,centralized,9,smoc4,15.762,9772,7088,84104,108804,89660,4090
6,centralized,9,smoc5,16.237,8792,9080,64676,70848,66780,4079
6,centralized,9,smoc6,15.452,11308,8044,33960,36000,30352,4088
6,centralized,9,smoc7,5.349,2496,3720,75952,64096,58288,4085
6,centralized,10,smoc1,15.843,6772,7820,75296,79588,68524,4075
6,centralized,10,smoc2,15.117,7096,10112,23392,29836,22340,4075
6,centralized,10,smoc3,15.693,11144,9304,27588,29224,17860,4079
6,centralized,10,smoc4,15.126,9752,9616,99996,105252,87432,4071
6,centralized,10,smoc5,14.861,6804,9840,77524,87240,67556,4076
6,centralized,10,smoc6,15.608,9644,7816,56852,56948,51196,4073
6,centralized,10,smoc7,5.632,29948,24924,109180,104784,115020,4091
10,centralized,1,smoc1,24.717,11320,6976,44396,47008,46632,4079
10,centralized,1,smoc2,25.206,4812,9480,73060,83968,65952,4081
10,centralized,1,smoc3,24.562,11300,7940,60556,76056,65484,4088
10,centralized,1,smoc4,26.071,10444,10816,55408,73256,67436,4090
10,centralized,1,smoc5,25.284,7112,6736,83768,82448,54568,4068
10,centralized,1,smoc6,26.558,10304,10308,72524,83940,58072,4073
10,centralized,1,smoc7,25.005,10616,10176,80840,84860,67468,4070
10,centralized,1,smoc8,25.557,3960,6544,67680,77344,59468,4087
10,centralized,1,smoc9,25.57,9032,9776,25176,28036,26032,4088
10,centralized,1,smoc10,25.554,6700,6900,71420,76684,55528,4086
10,centralized,1,smoc11,6.906,5656,3400,53228,52936,60908,4070
10,centralized,2,smoc1,25.717,8008,8816,77948,81688,67216,4068
10,centralized,2,smoc2,25.913,6248,8052,14828,19264,20024,4082
10,centralized,2,smoc3,25.645,3516,9380,52516,70844,65604,4082
10,centralized,2,smoc4,26.487,6700,6796,86840,97076,80828,4087
10,centralized,2,smoc5,26.685,9716,7524,68628,72056,70128,4084
10,centralized,2,smoc6,26.145,6140,6912,57980,66416,59628,4091
10,centralized,2,smoc7,25.545,6672,7992,63620,77280,51980,4079
10,centralized,2,smoc8,25.63,10880,7816,29532,34096,32700,4093
10,centralized,2,smoc9,27.557,9824,7480,75156,81892,66484,4080
10,centralized,2,smoc10,26.636,3164,7072,58304,69572,60368,4083
10,centralized,2,smoc11,5.284,4392,3612,37036,33172,29152,4087
10,centralized,3,smoc1,25.785,5456,6796,62632,67396,56712,4084
10,centralized,3,smoc2,26.578,6228,7120,76436,85468,60080,4084
10,centralized,3,smoc3,25.964,4872,6728,19780,25284,21824,4083
10,centralized,3,smoc4,27.427,4636,9556,77528,87248,62300,4086
10,centralized,3,smoc5,26.624,4744,10016,66184,89400,80840,4084
10,centralized,3,smoc6,26.101,6540,9264,76276,87216,67704,4073
10,centralized,3,smoc7,26.797,6576,6000,67092,82008,57908,4081
10,centralized,3,smoc8,27.322,4716,7104,76288,80628,63424,4085
10,centralized,3,smoc9,26.974,6832,9544,60828,82992,47512,4092
10,centralized,3,smoc10,26.624,3648,6796,66436,79224,62312,4081
10,centralized,3,smoc11,6.244,7352,1092,38352,38108,35780,4084
10,centralized,4,smoc1,26.03,8628,7848,56636,70408,57024,4076
10,centralized,4,smoc2,25.445,10572,9896,63328,71028,59820,4068
10,centralized,4,smoc3,26.13,11312,10648,81528,87584,43796,4089
10,centralized,4,smoc4,27.251,11332,7132,84596,87268,53080,4075
10,centralized,4,smoc5,26.84,11308,10368,76116,89068,72548,4086
10,centralized,4,smoc6,26.348,7232,6704,65700,72416,60580,4087
10,centralized,4,smoc7,25.846,6648,8504,73804,81312,43912,4085
10,centralized,4,smoc8,26.319,7940,6952,68736,80696,63728,4088
10,centralized,4,smoc9,27.235,5780,9616,76616,82192,50832,4090
10,centralized,4,smoc10,25.7,11024,8772,63264,76092,60340,4081
10,centralized,4,smoc11,6.862,12000,10576,94904,94448,85928,4074
10,centralized,5,smoc1,26.779,10948,10460,68404,79668,68156,4090
10,centralized,5,smoc2,26.216,11532,8816,69992,78536,62128,4083
10,centralized,5,smoc3,26.171,6368,8548,45384,66880,66136,4091
10,centralized,5,smoc4,27.975,11096,7992,75492,81344,60948,4083
10,centralized,5,smoc5,27.656,6336,8164,72184,81520,64704,4080
10,centralized,5,smoc6,25.175,11012,7920,76732,87536,44816,4087
10,centralized,5,smoc7,27.072,5076,6512,14628,20556,18968,4077
10,centralized,5,smoc8,26.319,6000,7248,24296,31308,32740,4090
10,centralized,5,smoc9,26.352,6920,8052,31136,34464,28340,4077
10,centralized,5,smoc10,28.178,8648,7092,62680,73924,62872,4076
10,centralized,5,smoc11,5.381,6864,380,50848,50620,43992,4070
10,centralized,6,smoc1,26.629,3936,7016,63696,80860,38308,4084
10,centralized,6,smoc2,26.366,456,6464,47944,71356,62928,4082
10,centralized,6,smoc3,27.158,8216,7412,68688,77724,62536,4087
10,centralized,6,smoc4,27.821,672,7820,64300,82360,65888,4087
10,centralized,6,smoc5,25.604,10868,7908,72152,79056,54716,4076
10,centralized,6,smoc6,26.711,6684,8848,78724,86372,49012,4082
10,centralized,6,smoc7,25.987,712,9516,1992,21804,19420,4091
10,centralized,6,smoc8,25.94,10812,7048,74296,86196,47356,4087
10,centralized,6,smoc9,26.14,8728,9048,74916,84732,63764,4086
10,centralized,6,smoc10,26.595,6068,7556,64636,72964,61856,4089
10,centralized,6,smoc11,5.602,3696,48,78712,77428,102768,4083
10,centralized,7,smoc1,27.851,11100,7624,74892,81276,55856,4086
10,centralized,7,smoc2,28.057,2940,9044,67972,83728,64732,4092
10,centralized,7,smoc3,27.553,5108,9512,78408,87724,50704,4087
10,centralized,7,smoc4,27.176,8600,10468,76288,85056,69308,4070
10,centralized,7,smoc5,27.388,700,9480,50916,69756,69412,4085
10,centralized,7,smoc6,26.977,8132,9572,74632,81740,56804,4085
10,centralized,7,smoc7,28.221,1148,10332,65200,81620,50856,4089
10,centralized,7,smoc8,27.843,9392,9572,66784,74696,61716,4080
10,centralized,7,smoc9,27.425,8904,7588,81764,85632,69088,4074
10,centralized,7,smoc10,27.245,8524,6728,63112,67668,59300,4074
10,centralized,7,smoc11,5.390,9208,3604,89180,88940,75184,4081
10,centralized,8,smoc1,25.344,4928,7812,73732,80844,65728,4086
10,centralized,8,smoc2,26.163,6644,7556,15744,24184,24572,4085
10,centralized,8,smoc3,27.166,10608,8044,57056,69344,56680,4080
10,centralized,8,smoc4,26.488,7808,9072,70872,76896,60368,4078
10,centralized,8,smoc5,25.814,4916,6052,68004,81464,66392,4080
10,centralized,8,smoc6,25.561,5980,7788,60520,70276,63100,4089
10,centralized,8,smoc7,26.516,6300,6488,82984,86436,30700,4088
10,centralized,8,smoc8,25.891,1752,8536,69168,80548,63376,4086
10,centralized,8,smoc9,26.824,12960,12052,83556,83656,60980,4090
10,centralized,8,smoc10,26.651,5364,6736,66496,72716,63032,4076
10,centralized,8,smoc11,6.416,3428,992,107400,102996,100000,4080
10,centralized,9,smoc1,27.159,5508,7768,74308,83540,66228,4083
10,centralized,9,smoc2,25.477,5100,6524,68316,84692,49984,4091
10,centralized,9,smoc3,26.698,10060,7828,20060,21520,30404,4073
10,centralized,9,smoc4,26.513,9792,6968,53772,76420,59632,4084
10,centralized,9,smoc5,26.335,2040,6888,55956,65432,55944,4089
10,centralized,9,smoc6,25.443,12076,10564,81344,88800,78244,4073
10,centralized,9,smoc7,26.624,11312,7764,78868,79776,47784,4076
10,centralized,9,smoc8,26.611,11684,9616,64940,71004,62764,4073
10,centralized,9,smoc9,26.807,1212,6236,72248,87708,42264,4090
10,centralized,9,smoc10,27.04,3864,6900,17056,32584,26868,4083
10,centralized,9,smoc11,5.161,3424,2196,36140,34184,31284,4069
10,centralized,10,smoc1,26.06,6728,8080,63244,76368,62908,4085
10,centralized,10,smoc2,26.703,10720,7316,78272,83280,51440,4090
10,centralized,10,smoc3,27.432,10024,10784,71300,79080,79028,4078
10,centralized,10,smoc4,24.977,7196,6968,70860,73296,63532,4082
10,centralized,10,smoc5,25.83,6140,9280,73136,83600,61612,4081
10,centralized,10,smoc6,26.563,9456,7556,80280,88852,58260,4081
10,centralized,10,smoc7,26.198,6336,10052,71008,84588,62764,4081
10,centralized,10,smoc8,26.069,9044,7032,85460,85496,56392,4067
10,centralized,10,smoc9,26.938,540,8048,48520,69440,60292,4084
10,centralized,10,smoc10,27.514,4560,7556,79132,85544,59024,4085
10,centralized,10,smoc11,5.447,10220,3316,62004,59496,43528,4085
10,distributed,1,smoc1,28.264,10884,8592,70968,76664,69320,4075
10,distributed,1,smoc2,28.078,6056,9092,76664,82040,72232,4087
10,distributed,1,smoc3,29.827,5608,7556,69156,76044,69324,4076
10,distributed,1,smoc4,30.107,460,9888,60244,79140,70496,4088
10,distributed,1,smoc5,28.518,6464,7556,75964,80460,72176,4068
10,distributed,1,smoc6,29.289,9132,9788,66480,87620,62436,4093
10,distributed,1,smoc7,29.778,6460,6932,77140,82460,59388,4077
10,distributed,1,smoc8,28.282,2680,7116,67372,81340,53304,4084
10,distributed,1,smoc9,27.689,11080,8320,68428,76976,70024,4068
10,distributed,1,smoc10,28.716,1960,9156,60576,76268,66912,4086
10,distributed,1,smoc11,7.369,8132,5976,97912,96908,111984,4094
10,distributed,2,smoc1,25.825,8276,6912,68532,81632,61956,4086
10,distributed,2,smoc2,25.426,9504,11076,73184,80496,67776,4073
10,distributed,2,smoc3,25.604,10576,10180,78756,84000,69128,4084
10,distributed,2,smoc4,26.01,16260,15528,79164,86108,65596,4068
10,distributed,2,smoc5,25.537,11144,8552,66672,71580,65148,4071
10,distributed,2,smoc6,25.701,11916,10404,66468,80400,53416,4088
10,distributed,2,smoc7,24.715,6936,7556,75252,79784,41756,4084
10,distributed,2,smoc8,26.723,3240,6932,64848,82428,68856,4075
10,distributed,2,smoc9,25.969,10656,11040,77680,87732,56220,4084
10,distributed,2,smoc10,25.801,11340,8056,22992,26120,24836,4072
10,distributed,2,smoc11,8.255,23480,24460,103412,103588,80616,4088
10,distributed,3,smoc1,26.736,6608,6912,24280,25808,24904,4086
10,distributed,3,smoc2,26.383,10936,10316,73488,81848,58384,4088
10,distributed,3,smoc3,26.501,6144,7028,46464,68140,54900,4091
10,distributed,3,smoc4,26.163,6496,6892,70672,80348,61792,4081
10,distributed,3,smoc5,26.79,10224,7516,37936,42916,33724,4065
10,distributed,3,smoc6,26.78,6656,8448,17384,19080,19648,4077
10,distributed,3,smoc7,25.537,9656,10844,89820,90660,64632,4082
10,distributed,3,smoc8,26.241,4952,7676,14152,22372,19228,4089
10,distributed,3,smoc9,25.687,10636,8296,73896,85820,50116,4092
10,distributed,3,smoc10,26.914,6696,6888,79020,84692,67740,4081
10,distributed,3,smoc11,7.893,7644,4336,103748,105120,80268,4085
10,distributed,4,smoc1,26.114,10024,9380,82824,84992,58544,4067
10,distributed,4,smoc2,26.922,10376,10832,22264,22208,21504,4088
10,distributed,4,smoc3,26.858,6592,11056,48396,68224,61060,4088
10,distributed,4,smoc4,26.503,10016,8132,23524,29684,26812,4089
10,distributed,4,smoc5,26.059,4780,5712,59948,73228,61064,4076
10,distributed,4,smoc6,25.893,6464,9380,67400,72648,58556,4080
10,distributed,4,smoc7,25.839,11148,7996,65880,72272,57036,4084
10,distributed,4,smoc8,25.118,9552,7540,16684,22956,20808,4074
10,distributed,4,smoc9,25.826,6780,5904,73176,83072,69940,4075
10,distributed,4,smoc10,26.98,11316,10556,82420,87032,73864,4087
10,distributed,4,smoc11,7.252,10848,4532,89800,89924,83548,4091
10,distributed,5,smoc1,26.38,7144,7392,67288,80324,69876,4086
10,distributed,5,smoc2,25.923,7320,9548,72528,87188,70280,4083
10,distributed,5,smoc3,25.45,11128,7756,78548,87412,60400,4078
10,distributed,5,smoc4,23.451,9928,8888,80692,84712,76636,4089
10,distributed,5,smoc5,26.827,11084,9640,64948,76028,45796,4084
10,distributed,5,smoc6,26.159,6528,9856,71836,79048,57008,4073
10,distributed,5,smoc7,25.992,9736,7820,76516,83116,64112,4080
10,distributed,5,smoc8,25.311,10064,8328,87424,90480,55836,4073
10,distributed,5,smoc9,26.249,6636,9564,66220,80220,61756,4092
10,distributed,5,smoc10,25.348,7556,6120,67092,79352,58748,4085
10,distributed,5,smoc11,7.827,12428,13656,99992,99192,83560,4087
10,distributed,6,smoc1,26.66,10536,7756,55236,71248,52644,4086
10,distributed,6,smoc2,24.85,1432,8848,57184,72188,58744,4090
10,distributed,6,smoc3,27.008,5736,11228,25408,28832,28436,4073
10,distributed,6,smoc4,25.108,6776,7164,79020,83168,61836,4082
10,distributed,6,smoc5,26.181,11024,7400,73084,82876,58960,4084
10,distributed,6,smoc6,25.082,6988,7192,82616,84976,62448,4068
10,distributed,6,smoc7,25.886,4848,9548,76304,83632,82004,4070
10,distributed,6,smoc8,26.966,6764,9832,67320,77044,61328,4087
10,distributed,6,smoc9,26.099,6444,6468,80840,81104,65924,4083
10,distributed,6,smoc10,27.157,4864,9544,78500,87420,50364,4087
10,distributed,6,smoc11,8.132,11480,5400,168492,165340,174120,4086
10,distributed,7,smoc1,26.008,6708,8052,25148,25544,28568,4076
10,distributed,7,smoc2,27.024,10032,7364,23732,26044,20736,4089
10,distributed,7,smoc3,26.211,11532,8884,71064,73696,60472,4087
10,distributed,7,smoc4,25.646,6824,8304,58448,69896,57744,4087
10,distributed,7,smoc5,26.955,10848,8384,73980,80632,62420,4082
10,distributed,7,smoc6,26.637,4444,7204,75892,87588,68800,4090
10,distributed,7,smoc7,26.116,4828,6796,9032,19480,17044,4088
10,distributed,7,smoc8,26.242,9928,8228,65824,82656,70132,4073
10,distributed,7,smoc9,26.752,6556,7508,64668,71948,65820,4078
10,distributed,7,smoc10,27.214,11304,8544,72608,81496,59236,4086
10,distributed,7,smoc11,7.927,30352,28496,186896,185096,207364,4094
10,distributed,8,smoc1,26.926,5436,9428,72436,81956,59376,4089
10,distributed,8,smoc2,27.055,9576,8968,77788,95688,64892,4091
10,distributed,8,smoc3,27.14,10700,7588,30668,30892,25772,4087
10,distributed,8,smoc4,27.187,11300,9340,76652,83232,65468,4084
10,distributed,8,smoc5,26.342,11100,10072,77132,85820,51252,4085
10,distributed,8,smoc6,26.248,11328,8356,66600,77052,65668,4080
10,distributed,8,smoc7,26.141,11308,8848,63056,70560,56172,4079
10,distributed,8,smoc8,27.119,3504,9840,75116,86548,62368,4087
10,distributed,8,smoc9,26.106,6676,7136,76160,81380,71112,4075
10,distributed,8,smoc10,27.595,11292,9944,84928,86228,66632,4075
10,distributed,8,smoc11,8.924,19696,21032,99188,103760,43228,4084
10,distributed,9,smoc1,26.969,6808,5892,78764,87300,54792,4078
10,distributed,9,smoc2,27.042,5856,7812,76856,85816,60444,4085
10,distributed,9,smoc3,26.541,6336,7248,75060,82652,63364,4084
10,distributed,9,smoc4,27.622,10256,12060,83936,89972,77432,4071
10,distributed,9,smoc5,26.358,8504,6288,78640,82408,67044,4085
10,distributed,9,smoc6,26.877,10808,8520,81744,81748,62428,4086
10,distributed,9,smoc7,27.531,3948,6808,56776,71248,47220,4087
10,distributed,9,smoc8,26.782,5304,9048,65784,73804,71652,4086
10,distributed,9,smoc9,26.673,7896,8208,69232,76940,57616,4089
10,distributed,9,smoc10,27.036,11068,8048,76844,84988,59848,4084
10,distributed,9,smoc11,9.347,23824,25356,122504,120188,109256,4084
10,distributed,10,smoc1,27.257,1640,8232,7884,17060,22872,4081
10,distributed,10,smoc2,27.353,10072,6764,72496,81432,59460,4077
10,distributed,10,smoc3,28.315,7012,8012,17440,22248,21508,4074
10,distributed,10,smoc4,28.788,3492,7820,18240,20096,18368,4085
10,distributed,10,smoc5,26.909,5964,6720,69012,81780,69700,4084
10,distributed,10,smoc6,27.815,2768,7524,8800,19412,27896,4081
10,distributed,10,smoc7,28.036,9560,8272,59048,75404,60608,4091
10,distributed,10,smoc8,28.405,11420,10804,81512,85476,57916,4073
10,distributed,10,smoc9,28.009,8640,9492,12812,15864,18652,4083
10,distributed,10,smoc10,28.381,6312,6680,60644,76704,59156,4079
10,distributed,10,smoc11,8.784,16084,9752,85868,84020,126608,4086
10,conventional,1,smoc1,33.588,5472,7556,214184,227312,152180,4090
10,conventional,1,smoc2,33.546,6980,11740,277680,284724,198028,4089
10,conventional,1,smoc3,33.727,7456,9560,177048,188008,129624,4087
10,conventional,1,smoc4,32.603,6324,7124,301216,320740,261540,4086
10,conventional,1,smoc5,32.135,7076,10080,287088,290696,200756,4089
10,conventional,1,smoc6,31.903,8924,8104,197320,210132,141856,4080
10,conventional,1,smoc7,32.266,8528,9548,289396,306080,220956,4082
10,conventional,1,smoc8,33.896,8940,8400,298580,308180,242512,4082
10,conventional,1,smoc9,31.551,10872,9312,168744,183504,129976,4094
10,conventional,1,smoc10,32.94,13112,11516,251868,256336,195164,4079
10,conventional,1,smoc11,7.467,18108,11900,112648,111940,102624,4077
10,conventional,2,smoc1,27.307,3220,9036,108984,130988,82260,4085
10,conventional,2,smoc2,26.62,13500,9240,192024,200628,115140,4081
10,conventional,2,smoc3,25.601,4212,8924,143116,160504,93220,4080
10,conventional,2,smoc4,27.192,2692,7424,103652,116724,68172,4088
10,conventional,2,smoc5,27.735,8608,8100,140988,146492,89256,4087
10,conventional,2,smoc6,28.27,13740,10952,116212,121296,74612,4075
10,conventional,2,smoc7,26.004,13688,8624,107664,113988,74040,4080
10,conventional,2,smoc8,26.017,13140,16052,208664,211708,117096,4074
10,conventional,2,smoc9,26.589,11448,8900,143800,150176,92400,4072
10,conventional,2,smoc10,26.839,11704,8464,135824,144156,78204,4086
10,conventional,2,smoc11,6.611,6308,5904,48108,46084,57004,4089
10,conventional,3,smoc1,25.979,7388,8264,139792,147760,91836,4088
10,conventional,3,smoc2,25.695,6240,10760,53160,55496,38516,4083
10,conventional,3,smoc3,26.125,7480,7364,154584,163988,91944,4085
10,conventional,3,smoc4,26.753,8544,11316,116856,124332,70976,4082
10,conventional,3,smoc5,27.296,7112,9180,127724,131852,80776,4073
10,conventional,3,smoc6,27.005,13224,13688,121088,128892,83276,4086
10,conventional,3,smoc7,25.857,13276,13044,57464,57236,49484,4084
10,conventional,3,smoc8,26.337,12200,10492,188940,201300,106668,4087
10,conventional,3,smoc9,25.833,9780,9560,121832,134440,75036,4076
10,conventional,3,smoc10,26.372,8680,8860,115996,119340,72296,4081
10,conventional,3,smoc11,7.149,6112,244,73628,75636,70244,4083
10,conventional,4,smoc1,26.026,10856,7784,155220,157644,78380,4090
10,conventional,4,smoc2,27.107,13740,10984,145664,150940,96836,4073
10,conventional,4,smoc3,27.156,8412,10724,131340,137900,79380,4083
10,conventional,4,smoc4,25.096,8620,8400,121768,133600,84204,4086
10,conventional,4,smoc5,26.661,8940,7364,123716,133176,72240,4077
10,conventional,4,smoc6,26.947,7160,8020,52476,58064,68572,4079
10,conventional,4,smoc7,25.743,2576,10136,92144,114096,62372,4089
10,conventional,4,smoc8,26.719,1840,10552,129692,149408,84528,4088
10,conventional,4,smoc9,26.549,13276,11320,185696,193676,120544,4076
10,conventional,4,smoc10,26.293,9152,9276,68368,72432,56536,4082
10,conventional,4,smoc11,6.711,7200,1080,95172,90140,64972,4087
10,conventional,5,smoc1,26.257,7516,10756,142140,156584,97640,4092
10,conventional,5,smoc2,26.329,8796,8912,113688,128876,77656,4082
10,conventional,5,smoc3,26.082,13300,10448,52788,52028,48136,4071
10,conventional,5,smoc4,26.028,4640,8000,119956,136060,84540,4087
10,conventional,5,smoc5,27.872,9892,8052,116744,130044,72216,4085
10,conventional,5,smoc6,26.748,11016,10260,148200,152952,84448,4087
10,conventional,5,smoc7,27.078,8996,10556,132932,136804,77408,4088
10,conventional,5,smoc8,26.872,8588,7328,72020,75936,60664,4087
10,conventional,5,smoc9,26.817,1008,9276,90728,113836,72160,4085
10,conventional,5,smoc10,26.292,12264,9144,141236,151160,89852,4088
10,conventional,5,smoc11,6.787,5984,4916,57212,54524,47544,4086
10,conventional,6,smoc1,26.448,7368,6924,107388,124268,65884,4094
10,conventional,6,smoc2,26.207,11120,8236,125032,136596,72292,4081
10,conventional,6,smoc3,26.127,10848,8988,113012,111336,82616,4085
10,conventional,6,smoc4,26.795,11708,9036,137000,145980,81748,4080
10,conventional,6,smoc5,25.622,6904,9044,108896,120704,64708,4071
10,conventional,6,smoc6,25.683,12692,9852,103028,107400,73200,4085
10,conventional,6,smoc7,26.02,10264,8420,65048,71368,57464,4082
10,conventional,6,smoc8,24.944,13508,8576,73480,70236,56220,4069
10,conventional,6,smoc9,26.118,7096,6896,95996,109136,70528,4085
10,conventional,6,smoc10,26.66,5372,6932,162588,168280,97364,4076
10,conventional,6,smoc11,7.203,11864,10908,71464,65036,55620,4080
10,conventional,7,smoc1,25.723,14720,12800,162612,165852,103860,4074
10,conventional,7,smoc2,27.244,11200,9404,146756,151964,87228,4086
10,conventional,7,smoc3,26.703,13296,8104,110600,128696,77264,4092
10,conventional,7,smoc4,25.633,12476,11320,119548,134384,75456,4088
10,conventional,7,smoc5,26.524,11800,11112,66588,66136,57320,4089
10,conventional,7,smoc6,26.922,6148,6944,115720,130352,74320,4086
10,conventional,7,smoc7,25.973,12632,10308,121020,130540,83496,4088
10,conventional,7,smoc8,27.598,13688,9368,125232,136028,83232,4089
10,conventional,7,smoc9,25.753,12568,11844,113208,121628,72372,4085
10,conventional,7,smoc10,27.106,13312,9748,114968,120236,70992,4089
10,conventional,7,smoc11,7.183,6984,5424,58316,61256,43080,4084
10,conventional,8,smoc1,25.23,13508,8344,117536,126548,79380,4074
10,conventional,8,smoc2,24.6,13484,8568,113240,120636,77276,4074
10,conventional,8,smoc3,26.069,9080,6900,143240,149912,95176,4087
10,conventional,8,smoc4,27.486,12904,11044,118588,126324,80068,4076
10,conventional,8,smoc5,25.139,13276,8884,179520,181352,101300,4073
10,conventional,8,smoc6,26.146,9052,10524,164948,176416,96224,4088
10,conventional,8,smoc7,25.699,9256,7332,165696,167668,93784,4085
10,conventional,8,smoc8,26.738,4000,7140,104744,114860,68476,4088
10,conventional,8,smoc9,26.059,11976,11764,161216,175588,100948,4081
10,conventional,8,smoc10,25.123,8536,10784,109940,116524,66564,4072
10,conventional,8,smoc11,7.291,7408,7352,56376,56980,65868,4073
10,conventional,9,smoc1,26.276,13216,7544,135220,140028,85540,4076
10,conventional,9,smoc2,25.538,10804,8188,128108,132408,76588,4075
10,conventional,9,smoc3,26.597,4928,6872,197932,207316,113480,4086
10,conventional,9,smoc4,25.074,8264,7252,108892,115392,71264,4091
10,conventional,9,smoc5,26.736,10216,11244,155716,160044,95932,4076
10,conventional,9,smoc6,25.616,8944,6972,185908,194604,101744,4073
10,conventional,9,smoc7,26.763,7668,7548,125080,126904,71156,4087
10,conventional,9,smoc8,25.34,11632,9876,112176,114508,63024,4071
10,conventional,9,smoc9,25.721,8528,9836,145960,155400,89000,4081
10,conventional,9,smoc10,25.631,16284,13516,152380,154612,86328,4074
10,conventional,9,smoc11,5.954,6664,12,83992,82084,54328,4068
10,conventional,10,smoc1,26.545,3564,7936,114068,136536,76552,4082
10,conventional,10,smoc2,26.085,9568,11988,118344,122480,77552,4079
10,conventional,10,smoc3,26.772,11168,11784,44804,48300,58764,4080
10,conventional,10,smoc4,25.674,9544,10508,151772,154300,92520,4070
10,conventional,10,smoc5,25.579,13156,8312,127584,135372,85784,4082
10,conventional,10,smoc6,26.415,7844,10092,104440,113944,76544,4087
10,conventional,10,smoc7,27.184,7036,11868,118392,128272,77460,4086
10,conventional,10,smoc8,27.022,9584,10592,166828,175960,98152,4088
10,conventional,10,smoc9,25.853,10532,9212,151312,153668,87852,4066
10,conventional,10,smoc10,25.98,10384,10560,118928,127140,82336,4069
10,conventional,10,smoc11,7.174,1380,1032,30776,31100,24456,4086
12,distributed,1,smoc1,33.906,5568,7012,65688,71416,69100,4076
12,distributed,1,smoc2,34.519,6012,9440,55648,73924,64728,4084
12,distributed,1,smoc3,33.706,4732,9312,54440,64572,45748,4083
12,distributed,1,smoc4,34.174,10668,7556,72736,78764,42208,4085
12,distributed,1,smoc5,32.896,1456,8256,67600,80656,62792,4085
12,distributed,1,smoc6,30.732,8844,8032,54972,64476,44192,4087
12,distributed,1,smoc7,34.443,5948,7816,60960,71292,59220,4090
12,distributed,1,smoc8,32.84,6804,9784,73500,83648,64572,4075
12,distributed,1,smoc9,34.033,4864,6276,70656,80328,59248,4085
12,distributed,1,smoc10,32.064,5220,7560,69740,81216,66308,4071
12,distributed,1,smoc11,33.187,6308,8272,73148,84416,59564,4089
12,distributed,1,smoc12,33.202,9640,7764,17488,18660,19456,4085
12,distributed,1,smoc13,7.443,6832,6760,106680,104832,80172,4079
12,distributed,2,smoc1,34.422,11324,7996,36596,36856,15576,4080
12,distributed,2,smoc2,35.679,10520,10304,60108,71048,61768,4087
12,distributed,2,smoc3,35.301,6380,10508,78148,87024,66412,4076
12,distributed,2,smoc4,34.672,6652,6520,78360,79548,66708,4078
12,distributed,2,smoc5,35.127,10636,10072,77016,84704,65012,4081
12,distributed,2,smoc6,32.669,4104,5816,69756,84752,60324,4081
12,distributed,2,smoc7,32.596,8840,9456,71304,81348,68000,4086
12,distributed,2,smoc8,34.008,9288,7540,16348,17740,9200,4088
12,distributed,2,smoc9,34.885,8704,8372,72144,81200,56624,4080
12,distributed,2,smoc10,35.105,10640,10772,70036,83124,67712,4081
12,distributed,2,smoc11,34.091,11312,10816,78104,84996,44328,4084
12,distributed,2,smoc12,34.74,12308,7928,73384,83084,66684,4079
12,distributed,2,smoc13,7.043,12312,11640,91040,87340,94844,4091
12,distributed,3,smoc1,34.571,11100,10380,79872,82592,62172,4076
12,distributed,3,smoc2,29.82,10760,7780,81844,83320,63680,4069
12,distributed,3,smoc3,33.445,13344,12408,77424,80756,65128,4085
12,distributed,3,smoc4,32.586,7504,9796,79016,85396,74360,4082
12,distributed,3,smoc5,34.818,9348,7928,82900,84044,76524,4089
12,distributed,3,smoc6,32.423,7368,7300,10180,24624,27484,4082
12,distributed,3,smoc7,30.692,6172,6532,12836,14972,15592,4079
12,distributed,3,smoc8,32.096,9740,8776,12884,19068,6940,4092
12,distributed,3,smoc9,32.586,3292,9444,14896,24452,18556,4085
12,distributed,3,smoc10,34.142,6024,7788,70344,77964,71784,4085
12,distributed,3,smoc11,33.158,1016,8768,51124,67960,56272,4091
12,distributed,3,smoc12,32.944,9492,9224,79320,89592,67372,4076
12,distributed,3,smoc13,8.049,16236,7196,83708,79976,82180,4091
12,distributed,4,smoc1,33.338,3376,7556,21764,25040,24496,4092
12,distributed,4,smoc2,33.941,6292,9552,15504,20944,21864,4074
12,distributed,4,smoc3,32.751,8584,7548,80484,83868,45144,4086
12,distributed,4,smoc4,33.529,5236,8116,57344,74768,60636,4086
12,distributed,4,smoc5,34.075,9440,8592,13976,18368,13404,4078
12,distributed,4,smoc6,31.391,2016,6504,47612,62476,57232,4082
12,distributed,4,smoc7,32.219,11312,9080,61460,67700,53772,4068
12,distributed,4,smoc8,32.954,7728,6468,48120,72960,65004,4089
12,distributed,4,smoc9,34.942,11532,8816,59244,70560,50752,4083
12,distributed,4,smoc10,32.466,9916,9380,81528,85544,65200,4076
12,distributed,4,smoc11,31.324,696,10592,54428,68028,69152,4090
12,distributed,4,smoc12,32.88,5184,7124,53488,69040,64596,4088
12,distributed,4,smoc13,7.454,4304,1112,74592,75116,51364,4079
12,distributed,5,smoc1,33.457,10772,10332,64652,73628,68008,4087
12,distributed,5,smoc2,32.822,10672,9680,79872,87560,55864,4075
12,distributed,5,smoc3,33.044,9020,6776,69056,76024,60636,4088
12,distributed,5,smoc4,33.201,4792,6728,68496,82664,62396,4087
12,distributed,5,smoc5,33.052,6872,9712,83272,88840,54888,4079
12,distributed,5,smoc6,33.374,11300,9340,73484,78440,62936,4084
12,distributed,5,smoc7,28.827,10992,10144,77328,83804,56560,4075
12,distributed,5,smoc8,32.685,10492,7904,60428,67720,59304,4085
12,distributed,5,smoc9,31.86,9996,6444,75372,78520,63320,4087
12,distributed,5,smoc10,32.319,11076,7960,77904,85220,55836,4078
12,distributed,5,smoc11,32.207,11012,9052,18480,21036,11920,4074
12,distributed,5,smoc12,33.273,6744,5196,69440,73324,66004,4085
12,distributed,5,smoc13,10.868,10468,10340,79068,73312,114320,4092
12,distributed,6,smoc1,34.484,7024,6796,81640,89304,59896,4087
12,distributed,6,smoc2,34.758,5100,6372,74620,83068,61180,4089
12,distributed,6,smoc3,33.946,6884,10008,78020,88144,70968,4080
12,distributed,6,smoc4,33.536,4960,6932,71184,84632,67232,4087
12,distributed,6,smoc5,34.002,4168,6932,8568,16852,22288,4082
12,distributed,6,smoc6,32.369,11864,8060,74884,81136,68960,4086
12,distributed,6,smoc7,34.329,6124,6728,70620,83340,36640,4089
12,distributed,6,smoc8,31.731,7204,6964,80192,91708,61012,4083
12,distributed,6,smoc9,32.734,5556,7616,31420,36740,43348,4085
12,distributed,6,smoc10,33.51,11540,9340,81196,84960,64492,4072
12,distributed,6,smoc11,35.596,10420,8852,74836,82244,60752,4090
12,distributed,6,smoc12,32.403,8972,6932,84200,87280,55732,4072
12,distributed,6,smoc13,8.313,16604,16888,78984,77668,89892,4086
12,distributed,7,smoc1,34.484,7024,6796,81640,89304,59896,4087
12,distributed,7,smoc2,34.758,5100,6372,74620,83068,61180,4089
12,distributed,7,smoc3,33.946,6884,10008,78020,88144,70968,4080
12,distributed,7,smoc4,33.536,4960,6932,71184,84632,67232,4087
12,distributed,7,smoc5,34.002,4168,6932,8568,16852,22288,4082
12,distributed,7,smoc6,32.369,11864,8060,74884,81136,68960,4086
12,distributed,7,smoc7,34.329,6124,6728,70620,83340,36640,4089
12,distributed,7,smoc8,31.731,7204,6964,80192,91708,61012,4083
12,distributed,7,smoc9,32.734,5556,7616,31420,36740,43348,4085
12,distributed,7,smoc10,33.51,11540,9340,81196,84960,64492,4072
12,distributed,7,smoc11,35.596,10420,8852,74836,82244,60752,4090
12,distributed,7,smoc12,32.403,8972,6932,84200,87280,55732,4072
12,distributed,7,smoc13,8.313,16604,16888,78984,77668,89892,4086
12,distributed,8,smoc1,37.249,11328,9080,60624,71560,59052,4089
12,distributed,8,smoc2,33.979,11572,9428,62588,75244,60088,4088
12,distributed,8,smoc3,32.907,6412,10872,75052,80776,63804,4084
12,distributed,8,smoc4,33.87,11532,7988,63552,69208,57080,4085
12,distributed,8,smoc5,32.671,10628,10192,61124,68688,63344,4075
12,distributed,8,smoc6,34.698,11492,9108,77040,81480,65056,4079
12,distributed,8,smoc7,33.957,6308,6736,69780,78076,63552,4074
12,distributed,8,smoc8,31.173,9196,8844,54864,82208,62032,4090
12,distributed,8,smoc9,33.924,10292,6668,74448,82500,55028,4090
12,distributed,8,smoc10,33.508,11100,10600,12196,15012,17404,4075
12,distributed,8,smoc11,33.116,6500,9808,80292,86716,52728,4074
12,distributed,8,smoc12,32.788,10252,8096,31136,31876,23428,4080
12,distributed,8,smoc13,9.036,13056,11224,108808,107272,161892,4093
12,distributed,9,smoc1,34.839,204,10172,63544,82820,57228,4088
12,distributed,9,smoc2,35.452,428,9728,51880,67000,74492,4087
12,distributed,9,smoc3,34.488,5456,9344,73944,79204,61848,4069
12,distributed,9,smoc4,34.849,6720,7324,70468,81376,58168,4086
12,distributed,9,smoc5,34.479,9360,6504,66192,69784,58112,4079
12,distributed,9,smoc6,35.12,5080,8084,74596,82424,49044,4082
12,distributed,9,smoc7,32.822,6916,9540,60904,70924,59388,4082
12,distributed,9,smoc8,35.202,3320,9880,53360,70932,60104,4085
12,distributed,9,smoc9,34.645,5364,7908,73308,81960,41036,4084
12,distributed,9,smoc10,34.178,11148,9080,81012,84952,48312,4073
12,distributed,9,smoc11,35.282,7876,7012,16048,18200,12260,4075
12,distributed,9,smoc12,35.798,9836,8504,29768,36108,28588,4091
12,distributed,9,smoc13,7.751,12440,7716,74588,76372,59972,4091
12,distributed,10,smoc1,33.815,7364,6732,65220,71064,63708,4075
12,distributed,10,smoc2,33.95,9492,10528,72544,80216,66068,4079
12,distributed,10,smoc3,34.215,10888,7400,40648,56572,8500,4086
12,distributed,10,smoc4,33.556,5672,8784,75460,82392,58272,4078
12,distributed,10,smoc5,33.732,10220,8392,55592,65696,58756,4086
12,distributed,10,smoc6,33.768,4348,6820,57168,69668,55232,4085
12,distributed,10,smoc7,33.081,11812,7996,27352,24604,20148,4070
12,distributed,10,smoc8,32.427,1828,10968,49816,72292,61480,4087
12,distributed,10,smoc9,32.287,11444,8228,72320,81636,58092,4076
12,distributed,10,smoc10,32.995,4216,9572,73328,78236,56616,4076
12,distributed,10,smoc11,32.245,5324,9228,79424,87168,56724,4067
12,distributed,10,smoc12,32.205,7476,10860,75492,86464,58608,4074
12,distributed,10,smoc13,8.201,22788,21280,72436,73048,67948,4086
12,centralized,1,smoc1,31.802,10684,7828,20472,17120,17744,4090
12,centralized,1,smoc2,32.354,6756,6380,73612,79108,58412,4075
12,centralized,1,smoc3,32.503,5164,7348,63204,71468,62084,4080
12,centralized,1,smoc4,33.017,11148,10780,75328,83360,71200,4071
12,centralized,1,smoc5,32.275,8840,9260,18416,21324,6796,4090
12,centralized,1,smoc6,31.461,4400,6788,74052,81076,55352,4089
12,centralized,1,smoc7,32.256,10628,7256,24332,28572,24364,4076
12,centralized,1,smoc8,33.533,6924,5788,42088,61960,45120,4088
12,centralized,1,smoc9,33.604,4600,9552,69704,85648,72308,4091
12,centralized,1,smoc10,32.305,556,9312,65328,81708,58220,4085
12,centralized,1,smoc11,29.371,11068,10572,55036,71664,51868,4085
12,centralized,1,smoc12,32.764,6552,6792,76240,81956,72068,4077
12,centralized,1,smoc13,5.909,13036,3072,49128,47472,38324,4086
12,centralized,2,smoc1,31.802,3692,9564,71168,87820,61740,4092
12,centralized,2,smoc2,33.371,6108,7388,73584,79296,65700,4083
12,centralized,2,smoc3,33.734,6096,5788,16840,22308,20796,4082
12,centralized,2,smoc4,32.371,10332,10816,65976,86092,59564,4085
12,centralized,2,smoc5,32.284,6088,9568,73632,81928,60828,4076
12,centralized,2,smoc6,31.923,3208,8052,73704,87644,50592,4082
12,centralized,2,smoc7,29.457,0,9452,46944,67940,66612,4094
12,centralized,2,smoc8,32.659,11312,10168,85456,91132,66612,4084
12,centralized,2,smoc9,32.893,8896,6720,10784,13588,14160,4090
12,centralized,2,smoc10,33.501,1324,8040,62028,79416,63928,4081
12,centralized,2,smoc11,32.665,6164,8588,59700,65440,50960,4087
12,centralized,2,smoc12,32.508,8088,6888,80784,83724,55500,4086
12,centralized,2,smoc13,5.820,12496,6396,65624,62504,61488,4083
12,centralized,3,smoc1,33.342,5452,9336,69740,80836,51260,4090
12,centralized,3,smoc2,32.123,6444,6796,51156,63956,19552,4083
12,centralized,3,smoc3,30.262,10612,11080,67644,91564,41840,4089
12,centralized,3,smoc4,33.046,10716,7988,62288,67620,56448,4074
12,centralized,3,smoc5,33.408,6636,8084,14860,15896,6828,4083
12,centralized,3,smoc6,31.589,5896,6144,60032,78608,51240,4091
12,centralized,3,smoc7,33.706,6532,10468,69636,77148,46436,4079
12,centralized,3,smoc8,33.049,1296,9464,67124,84596,47404,4088
12,centralized,3,smoc9,32.835,3588,7248,59752,68808,59240,4090
12,centralized,3,smoc10,32.546,10872,7396,71180,84720,55212,4086
12,centralized,3,smoc11,34.017,6144,6736,70196,79480,52624,4084
12,centralized,3,smoc12,32.999,6792,9556,47016,69032,66588,4082
12,centralized,3,smoc13,6.008,3436,2416,96796,98924,77988,4076
12,centralized,4,smoc1,34.376,6316,8052,50276,59072,46896,4087
12,centralized,4,smoc2,34.415,6576,8048,81792,83784,59916,4083
12,centralized,4,smoc3,33.287,10868,8276,77300,82268,60876,4088
12,centralized,4,smoc4,31.077,9272,9080,53480,73052,58264,4089
12,centralized,4,smoc5,32.827,11320,8308,81520,82248,51132,4075
12,centralized,4,smoc6,33.218,10352,8588,67220,67220,54224,4082
12,centralized,4,smoc7,31.571,9220,8848,74284,79052,68404,4087
12,centralized,4,smoc8,33.029,9468,6900,77904,82228,68972,4074
12,centralized,4,smoc9,31.796,8220,8044,75728,80600,51524,4088
12,centralized,4,smoc10,33.285,6716,8060,19948,22776,15504,4090
12,centralized,4,smoc11,33.652,4812,7032,78048,85520,40992,4086
12,centralized,4,smoc12,33.708,6412,7556,77852,81808,39328,4088
12,centralized,4,smoc13,6.807,11044,3316,56604,51844,64508,4087
12,centralized,5,smoc1,33.528,6712,6236,66600,71876,60268,4090
12,centralized,5,smoc2,33.297,5196,7244,14164,16508,6904,4074
12,centralized,5,smoc3,32.507,5828,8272,75572,78484,73252,4067
12,centralized,5,smoc4,33.715,10960,8748,73456,79600,60432,4080
12,centralized,5,smoc5,32.258,6260,5536,77116,79424,48480,4090
12,centralized,5,smoc6,33.339,8820,8044,74072,80184,45900,4081
12,centralized,5,smoc7,32.262,1052,10264,6704,22876,23720,4086
12,centralized,5,smoc8,30.301,11300,8848,65316,67772,59148,4068
12,centralized,5,smoc9,32.714,6704,7556,77656,80156,48888,4082
12,centralized,5,smoc10,33.246,2040,5704,16504,22532,24076,4081
12,centralized,5,smoc11,32.838,6436,6504,64080,78988,59528,4085
12,centralized,5,smoc12,31.293,10792,8804,21880,20384,20296,4069
12,centralized,5,smoc13,5.863,8644,4096,52116,50704,60776,4082
12,centralized,6,smoc1,30.696,10840,8804,75784,82900,63784,4088
12,centralized,6,smoc2,32.123,1416,9456,65780,80356,66636,4087
12,centralized,6,smoc3,32.297,5996,6488,25136,30244,36960,4087
12,centralized,6,smoc4,32.612,11020,10120,77356,81576,70888,4071
12,centralized,6,smoc5,32.538,8320,8276,78764,85316,63052,4086
12,centralized,6,smoc6,32.7,5472,7524,71924,80300,66624,4089
12,centralized,6,smoc7,31.703,4956,8352,77616,84968,72456,4067
12,centralized,6,smoc8,31.334,11308,7380,82436,85624,68520,4086
12,centralized,6,smoc9,31.568,9648,7924,74472,81488,56040,4086
12,centralized,6,smoc10,32.681,4608,7136,73468,81520,63368,4077
12,centralized,6,smoc11,33.506,5152,6028,10924,20228,9976,4091
12,centralized,6,smoc12,33.3,10116,9500,20464,21192,18372,4075
12,centralized,6,smoc13,6.012,5380,296,79044,77196,79368,4080
12,centralized,7,smoc1,34.085,8304,8052,67340,72432,65528,4075
12,centralized,7,smoc2,32.14,6500,8012,79748,83512,62284,4073
12,centralized,7,smoc3,32.723,1988,8076,64028,80728,70024,4081
12,centralized,7,smoc4,34.173,6208,6904,73796,85840,50792,4088
12,centralized,7,smoc5,32.072,9324,8560,64496,64740,58060,4072
12,centralized,7,smoc6,34.076,8128,6700,76084,79044,53532,4089
12,centralized,7,smoc7,31.454,10232,8016,85948,89196,61800,4072
12,centralized,7,smoc8,32.084,3744,9664,9204,19980,15512,4086
12,centralized,7,smoc9,33.795,5384,6800,74804,84812,63652,4074
12,centralized,7,smoc10,32.423,13224,12316,78864,81652,72176,4084
12,centralized,7,smoc11,32.927,6708,9624,68048,90440,62456,4077
12,centralized,7,smoc12,32.727,6304,7028,76836,83356,63472,4082
12,centralized,7,smoc13,5.905,3596,880,41492,40696,36512,4081
12,centralized,8,smoc1,31.448,3776,6748,68988,81876,64956,4090
12,centralized,8,smoc2,31.115,7784,6272,13076,19232,11524,4071
12,centralized,8,smoc3,32.653,7732,9176,63128,75752,67440,4085
12,centralized,8,smoc4,32.738,6544,9532,76556,83836,69376,4078
12,centralized,8,smoc5,32.906,6668,6964,77828,80864,65272,4066
12,centralized,8,smoc6,32.731,2688,5660,76880,79396,59128,4083
12,centralized,8,smoc7,31.766,11656,9464,82244,82608,73028,4070
12,centralized,8,smoc8,32.443,11544,8292,55584,66860,64856,4077
12,centralized,8,smoc9,32.96,4952,6504,58608,66868,58072,4068
12,centralized,8,smoc10,31.908,2508,9552,10584,21880,23976,4085
12,centralized,8,smoc11,32.026,6900,7780,69028,80492,43708,4082
12,centralized,8,smoc12,32.882,11064,9572,71220,85472,55852,4085
12,centralized,8,smoc13,6.011,7804,1480,41888,41712,38224,4081
12,centralized,9,smoc1,35.424,11072,10040,61320,66940,58148,4082
12,centralized,9,smoc2,33.956,11068,8160,58332,63088,47212,4074
12,centralized,9,smoc3,32.586,6408,6904,73500,80544,58984,4085
12,centralized,9,smoc4,33.294,4496,7556,76504,83252,39400,4082
12,centralized,9,smoc5,34.378,11048,10572,65736,74544,61904,4074
12,centralized,9,smoc6,31.537,5836,7292,71900,82364,44348,4081
12,centralized,9,smoc7,32.333,9348,7132,80540,84392,51852,4086
12,centralized,9,smoc8,31.905,5724,5480,77152,81452,63072,4084
12,centralized,9,smoc9,34.336,8524,9340,63948,83340,63592,4084
12,centralized,9,smoc10,32.359,10764,7192,63244,76996,54740,4080
12,centralized,9,smoc11,32.543,8644,8812,16516,24304,24384,4091
12,centralized,9,smoc12,32.32,8404,7016,77216,82436,59416,4087
12,centralized,9,smoc13,6.182,4480,1620,53944,52732,49868,4089
12,centralized,10,smoc1,28.849,11848,9020,81504,83608,50544,4075
12,centralized,10,smoc2,33.293,11300,10572,81172,87256,56448,4076
12,centralized,10,smoc3,30.162,6712,6736,73512,79864,54476,4088
12,centralized,10,smoc4,33.209,5984,7116,76540,80096,53760,4083
12,centralized,10,smoc5,31.229,4212,6092,47632,66660,65160,4078
12,centralized,10,smoc6,34.089,1136,9440,61652,81744,67100,4083
12,centralized,10,smoc7,33.127,8788,6912,62312,64620,57960,4075
12,centralized,10,smoc8,31.387,7796,7820,11468,13992,10288,4072
12,centralized,10,smoc9,33.115,10432,6672,80460,78560,62780,4087
12,centralized,10,smoc10,32.639,5816,9492,15048,21676,17236,4074
12,centralized,10,smoc11,33.272,9372,9788,26952,28136,34692,4084
12,centralized,10,smoc12,33.137,11068,7828,72760,82192,48648,4081
12,centralized,10,smoc13,5.836,8000,644,78256,71044,71220,4080
8,distributed,1,smoc1,21.3,6912,6800,72584,83336,71220,4085
8,distributed,1,smoc2,22.717,5416,9492,64344,74024,67388,4084
8,distributed,1,smoc3,22.326,9444,6228,79692,88356,75460,4089
8,distributed,1,smoc4,21.589,5380,6932,14000,27316,20440,4093
8,distributed,1,smoc5,21.087,6672,9276,103296,109072,89236,4076
8,distributed,1,smoc6,21.645,9272,9116,75368,88088,65180,4084
8,distributed,1,smoc7,21.168,13892,12476,77840,82388,67292,4080
8,distributed,1,smoc8,21.806,6472,9288,37292,40964,41820,4073
8,distributed,1,smoc9,6.575,8400,4076,66872,64032,66992,4092
8,distributed,2,smoc1,21.318,9848,7936,20708,25776,21320,4081
8,distributed,2,smoc2,21.343,12540,8816,73852,80428,71612,4075
8,distributed,2,smoc3,20.833,7164,9844,56404,73060,61456,4090
8,distributed,2,smoc4,20.842,6780,7800,75696,81540,71988,4077
8,distributed,2,smoc5,20.863,3164,8708,63532,77496,73580,4083
8,distributed,2,smoc6,20.514,10472,7528,66536,71500,66416,4076
8,distributed,2,smoc7,22.289,14928,11968,27976,28464,22924,4087
8,distributed,2,smoc8,18.907,10936,10984,94972,100512,73276,4067
8,distributed,2,smoc9,6.625,18804,25600,76608,77904,79028,4089
8,distributed,3,smoc1,21.512,6592,7164,64868,71844,67100,4079
8,distributed,3,smoc2,21.86,5544,9340,72968,84308,77492,4076
8,distributed,3,smoc3,20.852,11076,9080,83436,90016,72036,4066
8,distributed,3,smoc4,20.336,5356,9384,63940,83512,72096,4093
8,distributed,3,smoc5,21.001,11372,8884,56156,56764,60852,4073
8,distributed,3,smoc6,21.177,6428,8852,59824,81064,65476,4086
8,distributed,3,smoc7,21.257,6432,9564,73404,81072,68652,4084
8,distributed,3,smoc8,20.58,7044,9580,116176,122488,94084,4073
8,distributed,3,smoc9,8.576,13232,12048,83208,86816,102148,4087
8,distributed,4,smoc1,22.423,11116,10680,56436,77616,69480,4088
8,distributed,4,smoc2,21.794,6248,6480,71332,81864,62904,4085
8,distributed,4,smoc3,22.282,9560,6132,71940,80116,73128,4073
8,distributed,4,smoc4,21.121,10128,8052,63236,72552,62732,4082
8,distributed,4,smoc5,21.91,6408,7160,70104,80900,73880,4085
8,distributed,4,smoc6,22.348,8072,9340,75084,83032,74332,4089
8,distributed,4,smoc7,21.63,11308,8164,37284,36196,23164,4074
8,distributed,4,smoc8,20.947,11140,7960,80248,86592,63652,4067
8,distributed,4,smoc9,7.210,10140,3092,97652,94848,84800,4092
8,distributed,5,smoc1,21.567,9832,9444,75492,93240,71320,4090
8,distributed,5,smoc2,21.102,11424,8936,80692,86020,78940,4084
8,distributed,5,smoc3,22.127,6188,9176,90632,97036,76712,4085
8,distributed,5,smoc4,19.438,10084,9888,84468,88352,67236,4084
8,distributed,5,smoc5,22.487,5912,8044,12820,23004,26740,4086
8,distributed,5,smoc6,22.054,5080,9552,30812,38920,26620,4084
8,distributed,5,smoc7,22.69,8484,6704,80516,89932,78184,4078
8,distributed,5,smoc8,21.461,8660,7772,84336,86272,59936,4071
8,distributed,5,smoc9,6.886,7680,7132,81732,81828,97672,4088
8,distributed,6,smoc1,19.665,8172,9728,74412,90088,71868,4085
8,distributed,6,smoc2,19.996,3276,8244,66084,78944,70384,4085
8,distributed,6,smoc3,21.509,10320,8188,76196,81764,81964,4083
8,distributed,6,smoc4,21.451,12076,11600,70012,90000,61700,4089
8,distributed,6,smoc5,20.632,4848,7052,98660,108660,88460,4081
8,distributed,6,smoc6,21.37,10744,11004,84428,94076,74916,4086
8,distributed,6,smoc7,19.862,10548,9012,87992,92548,81460,4065
8,distributed,6,smoc8,21.436,9808,10804,67456,75552,72540,4082
8,distributed,6,smoc9,7.474,19468,17404,78296,78036,78612,4086
8,distributed,7,smoc1,20.926,8260,10200,94172,100396,83272,4087
8,distributed,7,smoc2,19.816,11348,10812,69676,77832,60440,4080
8,distributed,7,smoc3,20.103,11860,7848,78592,81780,65660,4067
8,distributed,7,smoc4,19.537,6664,6504,70152,77448,72312,4089
8,distributed,7,smoc5,19.108,11508,8568,83952,98300,37648,4077
8,distributed,7,smoc6,18.971,11452,11076,79324,88512,67484,4071
8,distributed,7,smoc7,20.866,5284,7788,102816,112588,92216,4075
8,distributed,7,smoc8,19.906,3620,10028,71956,83464,66064,4082
8,distributed,7,smoc9,9.760,15724,7716,73608,69488,82496,4085
8,distributed,8,smoc1,20.406,4516,7624,78088,90448,73256,4079
8,distributed,8,smoc2,20.466,6728,7364,71204,79080,66216,4092
8,distributed,8,smoc3,20.22,6064,9496,34576,42856,45648,4078
8,distributed,8,smoc4,19.382,11076,10568,97332,104304,85004,4081
8,distributed,8,smoc5,21.033,5264,6900,71868,81164,68536,4076
8,distributed,8,smoc6,20.411,6912,9452,69580,83608,67468,4083
8,distributed,8,smoc7,21.362,7860,8816,70136,84164,70996,4085
8,distributed,8,smoc8,21.216,5280,9788,66508,80252,69380,4078
8,distributed,8,smoc9,8.142,20724,20028,99636,88344,114416,4090
8,distributed,9,smoc1,20.133,11380,8000,73516,88916,74976,4087
8,distributed,9,smoc2,20.83,10824,8276,24516,26404,20116,4075
8,distributed,9,smoc3,20.158,7764,10548,30440,34736,24076,4079
8,distributed,9,smoc4,20.125,11328,9196,75184,83816,67024,4083
8,distributed,9,smoc5,19.982,11020,8032,76228,85380,68316,4082
8,distributed,9,smoc6,21.042,6028,5828,64180,76960,68300,4083
8,distributed,9,smoc7,21.654,8256,7472,77660,86808,72556,4086
8,distributed,9,smoc8,20.497,9852,9444,19220,27320,22796,4085
8,distributed,9,smoc9,7.039,6796,2704,114812,113628,87764,4087
8,distributed,10,smoc1,20.588,784,7856,6248,24684,20584,4085
8,distributed,10,smoc2,20.592,2508,7016,56060,67704,66152,4081
8,distributed,10,smoc3,21.003,7992,6700,36336,38908,29116,4085
8,distributed,10,smoc4,20.421,22088,20488,24600,22192,33184,4091
8,distributed,10,smoc5,20.586,4268,9756,63232,75392,65064,4075
8,distributed,10,smoc6,21.554,9036,6732,65732,85032,65672,4091
8,distributed,10,smoc7,20.023,7140,6272,74584,83420,65356,4084
8,distributed,10,smoc8,20.153,6292,6700,92120,101020,77564,4086
8,distributed,10,smoc9,6.706,19912,16952,100868,96892,105140,4080
8,centralized,1,smoc1,20.175,11496,9312,69604,76000,48704,3566
8,centralized,1,smoc2,20.463,10380,10432,53960,62420,50716,3556
8,centralized,1,smoc3,19.12,10628,10116,51220,72336,52444,3568
8,centralized,1,smoc4,19.824,6916,6348,45012,62436,39980,3559
8,centralized,1,smoc5,18.949,11300,10572,40968,58124,67824,3569
8,centralized,1,smoc6,20.324,11532,6920,58120,65152,52712,3561
8,centralized,1,smoc7,20.486,6208,7248,58864,66840,46416,3555
8,centralized,1,smoc8,20.372,3536,6784,49476,62880,75740,3557
8,centralized,1,smoc9,5.389,3720,160,59056,58032,50288,3551
8,centralized,2,smoc1,20.093,5852,6912,59612,73232,50256,3560
8,centralized,2,smoc2,21.412,7748,9108,62896,80944,57800,3570
8,centralized,2,smoc3,20.937,13248,11004,80272,87080,101692,3547
8,centralized,2,smoc4,21.493,11324,8840,66464,73620,52156,3549
8,centralized,2,smoc5,21.757,5524,8052,55164,62620,47448,3553
8,centralized,2,smoc6,20.794,11300,7768,51180,62172,46192,3563
8,centralized,2,smoc7,22.139,7144,8284,69092,72276,44476,3565
8,centralized,2,smoc8,21.456,4660,6720,61776,71048,87608,3564
8,centralized,2,smoc9,5.428,10716,5068,96632,97344,86572,3546
8,centralized,3,smoc1,18.46,10800,9384,61876,73604,100104,3554
8,centralized,3,smoc2,19.2,7236,7788,63592,75668,52884,3551
8,centralized,3,smoc3,19.588,6480,6276,48924,58792,47804,3551
8,centralized,3,smoc4,19.763,10396,8132,73888,80424,51624,3564
8,centralized,3,smoc5,18.942,8836,9804,76688,75652,49528,3564
8,centralized,3,smoc6,19.143,6852,7616,83736,91192,87500,3545
8,centralized,3,smoc7,19.332,9316,6904,69168,71700,50128,3564
8,centralized,3,smoc8,21.101,10052,10592,52808,63016,45952,3562
8,centralized,3,smoc9,4.905,10108,4728,72384,71512,91708,3544
8,centralized,4,smoc1,20.71,8328,9056,43516,59104,47548,3563
8,centralized,4,smoc2,19.493,12376,10756,53188,61208,83468,3546
8,centralized,4,smoc3,19.503,11044,7776,62832,71352,51680,3556
8,centralized,4,smoc4,19.336,10680,10016,79052,83888,60744,3551
8,centralized,4,smoc5,19.672,6220,6920,64180,69652,45312,3551
8,centralized,4,smoc6,19.015,7240,6488,66076,74092,48164,3565
8,centralized,4,smoc7,20.42,6060,8848,46884,57028,48164,3554
8,centralized,4,smoc8,19.09,11072,8584,64888,70524,48056,3551
8,centralized,4,smoc9,5.859,6452,3652,62128,58996,85652,3559
8,centralized,5,smoc1,18.544,11300,8172,75056,80248,59472,3561
8,centralized,5,smoc2,19.188,15188,12444,59472,67716,57748,3561
8,centralized,5,smoc3,19.64,11148,10880,79280,86564,65984,3550
8,centralized,5,smoc4,18.41,6404,6688,50268,67260,42816,3560
8,centralized,5,smoc5,19.852,8796,5956,72008,72304,47152,3562
8,centralized,5,smoc6,20.326,11020,10196,67360,72120,51664,3546
8,centralized,5,smoc7,20.41,5380,9480,60928,64828,48564,3563
8,centralized,5,smoc8,18.629,10780,7064,59352,61980,82996,3543
8,centralized,5,smoc9,5.430,2640,1512,77916,81868,113716,3558
8,centralized,6,smoc1,19.928,10336,6988,61244,70532,51856,3560
8,centralized,6,smoc2,19.611,11080,10876,67880,75352,56184,3565
8,centralized,6,smoc3,18.946,5628,7676,43872,56460,51888,3555
8,centralized,6,smoc4,19.562,8512,6476,69212,71588,48832,3563
8,centralized,6,smoc5,19.406,3884,6972,59164,68484,54712,3561
8,centralized,6,smoc6,19.74,7344,9112,58524,67432,74860,3556
8,centralized,6,smoc7,19.102,10548,7060,56016,62168,46100,3552
8,centralized,6,smoc8,19.113,7964,9108,67836,72572,82080,3565
8,centralized,6,smoc9,5.515,10704,336,92028,86500,105860,3570
8,centralized,7,smoc1,19.414,8080,6508,62920,81704,57392,3565
8,centralized,7,smoc2,18.505,11012,10780,64400,67216,45960,3546
8,centralized,7,smoc3,19.878,11300,10528,68092,73208,53344,3563
8,centralized,7,smoc4,19.84,6988,8012,56768,61272,44928,3551
8,centralized,7,smoc5,20.141,3732,7016,60360,70976,53332,3550
8,centralized,7,smoc6,21.028,12512,10528,59548,67532,47484,3565
8,centralized,7,smoc7,20.223,6236,8840,61908,71492,55216,3563
8,centralized,7,smoc8,19.447,11312,10916,57108,70200,80572,3568
8,centralized,7,smoc9,5.063,10528,5736,90628,90320,135876,3559
8,centralized,8,smoc1,20.184,12212,12072,56456,66812,53740,3560
8,centralized,8,smoc2,19.474,3588,6512,59628,69872,51984,3564
8,centralized,8,smoc3,20.188,8260,9896,64216,74748,51892,3566
8,centralized,8,smoc4,19.223,10676,10176,60508,72884,47608,3553
8,centralized,8,smoc5,19.822,10104,9080,63784,69500,49916,3552
8,centralized,8,smoc6,19.752,11340,9032,65072,74660,49572,3550
8,centralized,8,smoc7,19.267,5684,6928,56916,67508,48776,3561
8,centralized,8,smoc8,18.89,8984,5788,57092,69280,65720,3557
8,centralized,8,smoc9,5.485,7200,2864,20020,14300,26588,3562
8,centralized,9,smoc1,21.003,8852,10076,65452,72104,55636,3552
8,centralized,9,smoc2,19.838,6164,6508,58132,63820,41520,3559
8,centralized,9,smoc3,19.525,10732,9712,43504,56664,46344,3559
8,centralized,9,smoc4,20.939,7520,7412,53912,63832,44968,3564
8,centralized,9,smoc5,20.438,2800,9276,50692,69692,80896,3569
8,centralized,9,smoc6,20.69,8832,6120,56696,67528,55684,3552
8,centralized,9,smoc7,20.529,6024,8280,52012,60632,50492,3563
8,centralized,9,smoc8,19.952,1272,8020,49948,68724,53500,3558
8,centralized,9,smoc9,5.012,4844,3416,86388,76208,109308,3562
8,centralized,10,smoc1,19.806,1680,8756,33656,55764,73596,3559
8,centralized,10,smoc2,19.763,10668,10824,48384,57812,49884,3550
8,centralized,10,smoc3,19.665,10900,8716,67712,71780,50512,3550
8,centralized,10,smoc4,18.96,9892,10612,67020,71212,49632,3545
8,centralized,10,smoc5,19.958,11156,8572,59688,82792,99364,3569
8,centralized,10,smoc6,19.006,9772,10696,62548,66796,79024,3563
8,centralized,10,smoc7,19.241,10572,9080,45768,59024,50256,3556
8,centralized,10,smoc8,19.168,12636,8848,64172,71900,55016,3552
8,centralized,10,smoc9,5.144,9064,2232,75332,74408,100980,3559
12,conventional,1,smoc1,33.869,7952,7464,110980,116844,69248,3552
12,conventional,1,smoc2,34.204,13480,9788,103656,108236,64244,3561
12,conventional,1,smoc3,34.491,7896,7176,115136,122072,65336,3553
12,conventional,1,smoc4,34.08,9612,11504,140916,143152,82940,3562
12,conventional,1,smoc5,34.019,13732,11244,144496,150380,86296,3558
12,conventional,1,smoc6,34.661,11284,8320,139248,139184,87580,3563
12,conventional,1,smoc7,34.895,7436,6976,118564,125184,71260,3548
12,conventional,1,smoc8,35.113,8636,8052,125028,124808,70232,3555
12,conventional,1,smoc9,35.197,9212,10584,156052,161500,81536,3563
12,conventional,1,smoc10,34.27,7408,8824,183012,188244,114760,3565
12,conventional,1,smoc11,35.527,5368,8712,111484,125660,75280,3565
12,conventional,1,smoc12,34.203,9616,7024,146672,151092,94632,3550
12,conventional,1,smoc13,7.041,16556,6312,87432,89264,102592,3561
12,conventional,2,smoc1,32.444,8284,7640,79612,98320,70044,3566
12,conventional,2,smoc2,31.194,10800,9296,91524,107756,59216,3562
12,conventional,2,smoc3,31.319,3328,9824,93800,112364,101484,3562
12,conventional,2,smoc4,30.91,13268,9052,84928,86656,80144,3562
12,conventional,2,smoc5,30.875,8300,8052,102064,99628,70992,3560
12,conventional,2,smoc6,32.929,7220,7436,67568,77632,65592,3558
12,conventional,2,smoc7,32.866,10944,8024,74976,78436,68412,3564
12,conventional,2,smoc8,31.88,8852,8588,82124,100012,59556,3561
12,conventional,2,smoc9,29.704,16000,13172,115580,113644,66060,3551
12,conventional,2,smoc10,32.965,6888,9216,75584,84308,67336,3553
12,conventional,2,smoc11,34.739,11236,12572,74660,89240,74728,3563
12,conventional,2,smoc12,33.473,13500,8716,88628,89616,71636,3550
12,conventional,2,smoc13,6.528,4308,1092,68800,68884,41264,3555
12,conventional,3,smoc1,33.588,12692,12724,82492,95336,76672,3568
12,conventional,3,smoc2,34.665,9088,8160,89768,95164,83940,3565
12,conventional,3,smoc3,33.087,2636,9972,120764,138788,82744,3564
12,conventional,3,smoc4,32.024,4652,8084,144720,157260,143344,3563
12,conventional,3,smoc5,30.234,11732,6844,83964,87632,59472,3551
12,conventional,3,smoc6,34.3,7636,8844,77280,95600,59244,3561
12,conventional,3,smoc7,31.911,8672,8656,174700,185268,193196,3563
12,conventional,3,smoc8,33.564,12748,10876,81808,100064,65848,3563
12,conventional,3,smoc9,35.666,7016,9492,107124,113808,63956,3559
12,conventional,3,smoc10,33.572,12044,11608,31892,42640,47888,3551
12,conventional,3,smoc11,33.206,6684,8932,134432,141852,72608,3565
12,conventional,3,smoc12,31.533,9340,11776,105832,105476,73888,3548
12,conventional,3,smoc13,7.863,14968,10260,85144,82696,98440,3565
12,conventional,4,smoc1,31.999,13348,11512,118056,126600,74416,3563
12,conventional,4,smoc2,31.297,11244,8028,86648,96076,57944,3561
12,conventional,4,smoc3,32.689,2016,9864,78820,100300,69304,3563
12,conventional,4,smoc4,31.004,13580,7936,137788,160112,136832,3568
12,conventional,4,smoc5,33.712,12796,7144,102724,107272,92668,3553
12,conventional,4,smoc6,31.334,8004,11944,157148,164052,135936,3560
12,conventional,4,smoc7,30.782,6920,9008,74072,84636,72896,3563
12,conventional,4,smoc8,30.667,21948,16580,131656,129932,110836,3551
12,conventional,4,smoc9,32.439,13452,11548,140164,143076,128800,3553
12,conventional,4,smoc10,29.273,6436,9160,91288,102972,58308,3559
12,conventional,4,smoc11,29.203,13500,10088,87080,92000,72216,3546
12,conventional,4,smoc12,32.593,13732,8808,102340,102972,70420,3559
12,conventional,4,smoc13,6.446,5852,5424,75512,73956,42876,3562
12,conventional,5,smoc1,31.35,8132,9256,102972,112472,97900,3553
12,conventional,5,smoc2,31.507,13500,8344,83572,83884,68852,3552
12,conventional,5,smoc3,31.619,6756,8012,99364,109336,62340,3558
12,conventional,5,smoc4,29.854,6968,7820,82368,96412,65424,3563
12,conventional,5,smoc5,28.875,7776,12156,97888,108924,85832,3562
12,conventional,5,smoc6,32.643,13664,12952,100408,102888,75836,3552
12,conventional,5,smoc7,32.258,10704,6740,123992,132052,123812,3562
12,conventional,5,smoc8,29.513,8996,10056,108420,127908,107512,3565
12,conventional,5,smoc9,30.172,5992,8420,92868,101104,57892,3565
12,conventional,5,smoc10,31.815,1768,10088,95024,100124,69120,3561
12,conventional,5,smoc11,30.674,12996,12308,147856,160140,143908,3561
12,conventional,5,smoc12,29.467,7272,8820,115380,122428,67160,3568
12,conventional,5,smoc13,6.817,2984,1024,54120,52140,85772,3566
12,conventional,6,smoc1,30.97,13664,9032,152668,158296,80532,3567
12,conventional,6,smoc2,32.92,9344,7568,92020,97084,89120,3556
12,conventional,6,smoc3,28.423,9004,8180,100180,103220,56232,3547
12,conventional,6,smoc4,29.522,13260,6860,69856,85308,56872,3561
12,conventional,6,smoc5,30.522,13252,10860,75496,82908,68852,3553
12,conventional,6,smoc6,29.74,18440,15268,101984,105808,61272,3549
12,conventional,6,smoc7,30.805,13452,8392,80456,89224,73388,3562
12,conventional,6,smoc8,31.048,8424,10344,97852,106892,91580,3561
12,conventional,6,smoc9,32.102,13644,13416,105576,109940,64384,3568
12,conventional,6,smoc10,31.305,13312,11532,91172,99508,67728,3567
12,conventional,6,smoc11,31.057,7100,9412,95548,112704,63232,3560
12,conventional,6,smoc12,31.174,6964,10560,74964,83432,57248,3560
12,conventional,6,smoc13,6.916,3492,2260,103032,101308,128720,3565
12,conventional,7,smoc1,31.242,5128,10272,80936,95408,65564,3561
12,conventional,7,smoc2,29.253,8864,7152,114356,131368,72516,3565
12,conventional,7,smoc3,30.819,13452,11844,129968,134896,76024,3561
12,conventional,7,smoc4,29.83,9176,8892,144808,160072,143608,3563
12,conventional,7,smoc5,30.992,9016,7092,88628,92916,57128,3554
12,conventional,7,smoc6,30.001,7256,6772,95212,105536,61036,3561
12,conventional,7,smoc7,29.866,9656,6788,76492,87908,58468,3555
12,conventional,7,smoc8,31.801,10036,10288,84324,92680,62796,3555
12,conventional,7,smoc9,31.309,5252,8812,96296,109496,99324,3555
12,conventional,7,smoc10,28.938,13372,13016,92168,97836,61216,3556
12,conventional,7,smoc11,31.246,9080,7468,89416,100660,68440,3565
12,conventional,7,smoc12,32.756,7908,11736,117084,121496,71636,3563
12,conventional,7,smoc13,7.075,9064,1876,69728,71012,53184,3559
12,conventional,8,smoc1,31.307,9132,9956,78944,81212,70780,3554
12,conventional,8,smoc2,30.124,9996,8624,88068,92296,59552,3551
12,conventional,8,smoc3,29.475,6388,8108,75756,83548,69908,3558
12,conventional,8,smoc4,31.968,5980,6988,88900,99124,59336,3561
12,conventional,8,smoc5,30.872,13164,12452,105292,111580,58496,3559
12,conventional,8,smoc6,31.542,13192,8752,156384,163420,89464,3566
12,conventional,8,smoc7,30.961,10784,9356,88692,86508,56104,3563
12,conventional,8,smoc8,31.447,13248,11376,82508,88288,91944,3550
12,conventional,8,smoc9,29.378,13916,9892,86600,87372,52700,3550
12,conventional,8,smoc10,29.76,8684,10520,63940,77280,71492,3558
12,conventional,8,smoc11,31.953,12788,13036,39712,52872,56220,3556
12,conventional,8,smoc12,30.581,8236,7316,80700,96776,71416,3559
12,conventional,8,smoc13,7.516,6656,3836,63432,63588,47208,3565
12,conventional,9,smoc1,31.537,8964,10652,72456,89132,59704,3570
12,conventional,9,smoc2,31.209,10624,8140,117400,116912,60348,3552
12,conventional,9,smoc3,32.1,13012,9080,158076,159628,144012,3563
12,conventional,9,smoc4,30.239,7068,10752,84240,90380,60584,3561
12,conventional,9,smoc5,32.622,8368,7728,116572,127384,114932,3566
12,conventional,9,smoc6,32.728,8828,7556,91804,89808,60232,3565
12,conventional,9,smoc7,30.356,8576,11776,87924,97384,64144,3567
12,conventional,9,smoc8,32.111,9464,9368,80916,90336,57316,3566
12,conventional,9,smoc9,28.895,13712,9768,147268,145972,80256,3545
12,conventional,9,smoc10,33.288,8760,7820,79928,90344,75044,3553
12,conventional,9,smoc11,33.345,6888,10040,116712,128100,119556,3556
12,conventional,9,smoc12,31.043,13452,10616,96236,100564,66500,3561
12,conventional,9,smoc13,8.241,9088,3600,113032,116124,131372,3567
12,conventional,10,smoc1,33.034,12684,11848,94984,96472,63368,3568
12,conventional,10,smoc2,31.49,5220,6720,83140,95132,55816,3572
12,conventional,10,smoc3,30.688,9036,11548,129624,135060,123100,3565
12,conventional,10,smoc4,30.022,7388,10396,87704,94968,67004,3548
12,conventional,10,smoc5,32.762,8004,7788,108924,115136,116536,3552
12,conventional,10,smoc6,33.793,6092,7556,83340,98248,71536,3566
12,conventional,10,smoc7,31.723,11516,9336,129908,141808,77828,3557
12,conventional,10,smoc8,32.019,12856,8364,167540,172920,154552,3563
12,conventional,10,smoc9,31.375,12928,12644,149652,161720,154012,3559
12,conventional,10,smoc10,31.925,3476,6800,62648,77484,56284,3562
12,conventional,10,smoc11,30.841,25544,21192,85772,87732,70032,3564
12,conventional,10,smoc12,30.186,7616,8016,110224,118560,113988,3557
12,conventional,10,smoc13,7.390,8780,3604,81060,94496,112560,3564
8,conventional,1,smoc1,30.133,11228,11572,270892,281488,205316,3566
8,conventional,1,smoc2,33.047,13092,10336,172616,178964,130536,3561
8,conventional,1,smoc3,31.005,6484,12008,140856,152468,93916,3561
8,conventional,1,smoc4,31.408,8444,8688,181296,191664,135452,3568
8,conventional,1,smoc5,30.575,10592,9072,297568,302352,222360,3558
8,conventional,1,smoc6,30.615,13732,10460,294192,296828,219128,3565
8,conventional,1,smoc7,31.906,8816,8620,309140,319728,251836,3566
8,conventional,1,smoc8,31.676,9464,8444,324548,336668,281040,3567
8,conventional,1,smoc9,6.625,5692,5216,78252,77116,54324,3558
8,conventional,2,smoc1,20.144,13684,10096,127736,132992,108924,3563
8,conventional,2,smoc2,20.5,7780,8796,95676,104312,58352,3561
8,conventional,2,smoc3,19.309,2792,7820,125480,140852,118164,3555
8,conventional,2,smoc4,18.04,12744,9708,159928,167732,148752,3553
8,conventional,2,smoc5,20.113,7792,7044,115324,122492,104132,3553
8,conventional,2,smoc6,20.586,9196,12240,148768,149312,132564,3563
8,conventional,2,smoc7,20.108,10308,10272,117468,122648,113156,3556
8,conventional,2,smoc8,19.226,9356,10768,99784,110364,62832,3565
8,conventional,2,smoc9,6.015,13344,6668,84392,82556,99176,3565
8,conventional,3,smoc1,19.268,11284,10096,94360,105008,95632,3561
8,conventional,3,smoc2,19.478,8780,8912,117536,124020,69808,3553
8,conventional,3,smoc3,18.556,9232,7820,117688,124760,66940,3563
8,conventional,3,smoc4,19.079,8040,10964,135168,139904,72724,3549
8,conventional,3,smoc5,19.153,8796,11544,147252,158044,81512,3564
8,conventional,3,smoc6,19.153,13480,10244,114380,122744,73128,3558
8,conventional,3,smoc7,19.235,9872,7992,167904,173816,152656,3565
8,conventional,3,smoc8,18.31,11520,9300,136232,150196,78808,3562
8,conventional,3,smoc9,6.027,7108,2640,93012,93000,129784,3568
8,conventional,4,smoc1,19.84,3444,8796,103464,120080,102692,3556
8,conventional,4,smoc2,20.219,9028,10396,71888,80240,61648,3566
8,conventional,4,smoc3,20.905,5588,10212,121984,135284,77176,3563
8,conventional,4,smoc4,19.238,1208,10432,94128,111348,59008,3554
8,conventional,4,smoc5,20.688,9488,7816,125064,133312,124900,3557
8,conventional,4,smoc6,19.971,5064,8232,86492,99648,57912,3566
8,conventional,4,smoc7,20.408,7820,8916,87280,95088,59008,3559
8,conventional,4,smoc8,20.387,8872,10996,105776,109704,57156,3563
8,conventional,4,smoc9,5.585,11852,4084,73508,67092,48252,3566
8,conventional,5,smoc1,18.924,11428,7472,83168,97516,54844,3568
8,conventional,5,smoc2,20.015,8912,10876,127740,138324,113068,3557
8,conventional,5,smoc3,20.065,6792,6876,98564,104268,85316,3557
8,conventional,5,smoc4,19.1,7500,11736,147544,153264,80508,3563
8,conventional,5,smoc5,18.942,7672,10056,165224,170096,148412,3553
8,conventional,5,smoc6,19.863,12388,11424,94512,102036,83444,3560
8,conventional,5,smoc7,20.735,13452,8476,149684,142440,119368,3559
8,conventional,5,smoc8,20.51,9444,10016,131000,141496,76312,3563
8,conventional,5,smoc9,6.112,6764,2032,63128,64956,96104,3564
8,conventional,6,smoc1,18.906,10404,7588,91640,98008,56876,3552
8,conventional,6,smoc2,19.342,13268,11012,99212,102800,62824,3564
8,conventional,6,smoc3,18.948,5084,7264,101804,109348,65136,3555
8,conventional,6,smoc4,18.84,8900,10288,89988,95452,57640,3550
8,conventional,6,smoc5,19.106,13732,9756,105440,109480,68684,3562
8,conventional,6,smoc6,19.477,8700,10520,124384,127852,71284,3549
8,conventional,6,smoc7,19.376,9100,9464,88480,95136,60696,3551
8,conventional,6,smoc8,18.581,13500,13036,120732,129600,73596,3563
8,conventional,6,smoc9,6.151,7492,3856,83844,85848,65288,3557
8,conventional,7,smoc1,19.856,13480,10328,133828,141124,124068,3552
8,conventional,7,smoc2,19.907,5908,7788,115472,123684,118084,3559
8,conventional,7,smoc3,20.242,9348,7432,84548,93500,57324,3556
8,conventional,7,smoc4,19.269,10396,7336,122172,125392,71036,3545
8,conventional,7,smoc5,18.713,12660,8392,95264,103608,61508,3560
8,conventional,7,smoc6,19.912,7412,8688,149164,157348,87104,3562
8,conventional,7,smoc7,19.445,11788,10584,130264,146548,128296,3567
8,conventional,7,smoc8,19.823,18272,15364,99868,99972,58956,3548
8,conventional,7,smoc9,6.202,7884,6484,100236,101552,62476,3566
8,conventional,8,smoc1,21.573,8920,9108,86692,90020,59156,3559
8,conventional,8,smoc2,19.586,13916,10392,131344,141776,121976,3552
8,conventional,8,smoc3,19.112,7256,9804,100444,107920,64068,3549
8,conventional,8,smoc4,20.453,13684,8392,92328,93580,83284,3544
8,conventional,8,smoc5,19.829,5976,7056,91116,107276,61732,3561
8,conventional,8,smoc6,19.865,7408,10664,92012,100196,60840,3560
8,conventional,8,smoc7,19.471,12312,8324,123456,133772,114896,3551
8,conventional,8,smoc8,20.061,4600,9244,157716,168432,161688,3563
8,conventional,8,smoc9,5.816,9872,3156,81852,75532,86536,3561
8,conventional,9,smoc1,19.958,8492,10616,93080,99884,60796,3553
8,conventional,9,smoc2,18.412,13200,12528,148300,150100,76036,3551
8,conventional,9,smoc3,19.646,14244,8160,80716,97544,57952,3572
8,conventional,9,smoc4,19.798,7168,7116,131428,138308,83696,3562
8,conventional,9,smoc5,19.532,6632,7132,161980,173240,92172,3559
8,conventional,9,smoc6,19.285,5012,8856,116412,130128,70844,3564
8,conventional,9,smoc7,18.897,8484,7316,223312,232344,140300,3564
8,conventional,9,smoc8,18.468,11008,11544,125712,129188,76964,3564
8,conventional,9,smoc9,6.227,3576,1548,78148,80984,103780,3559
8,conventional,10,smoc1,19.487,6184,8712,78352,100404,56404,3562
8,conventional,10,smoc2,18.95,13684,13204,138308,140808,76664,3552
8,conventional,10,smoc3,19.415,13684,11956,84672,88568,57428,3563
8,conventional,10,smoc4,19.567,4364,9468,94584,106512,56876,3560
8,conventional,10,smoc5,19.128,8408,7560,88892,95928,61676,3556
8,conventional,10,smoc6,18.269,9788,11532,121212,125744,72064,3560
8,conventional,10,smoc7,18.428,14980,17292,129628,136756,71700,3551
8,conventional,10,smoc8,18.555,9052,8552,116392,121800,62084,3545
8,conventional,10,smoc9,6.524,15536,5684,74724,78200,57032,3565