ReplicaSet,Solution,Experiment,SmocId,RestoreDurationInSec,VmPeak,VmSize,VmHWM,VmRSS,VmData,DeltaMemoryUsageInKbFromTop
4,conventional,1,smoc1,39.483,5968,4772,19380,21428,11884,2436
4,conventional,1,smoc2,38.96,6360,6200,21276,31064,14256,2437
4,conventional,1,smoc3,39.098,2044,6284,17740,26488,13736,2436
4,conventional,1,smoc4,39.852,5316,4220,13200,21828,11140,2440
4,conventional,1,smoc5,22.497,6048,1028,8952,6128,5156,2437
4,conventional,2,smoc1,40.584,8464,5064,23068,25328,13288,2439
4,conventional,2,smoc2,40.668,1688,5964,13416,21796,13232,2434
4,conventional,2,smoc3,40.48,7052,6860,18172,29244,14000,2436
4,conventional,2,smoc4,40.371,2220,6688,13432,22688,11836,2436
4,conventional,2,smoc5,23.417,2472,3188,8472,4376,1588,2440
4,conventional,3,smoc1,40.069,1260,4588,12776,20084,9304,2437
4,conventional,3,smoc2,40.94,7056,8140,23568,29020,15060,2436
4,conventional,3,smoc3,39.999,2336,4592,14496,22552,11596,2435
4,conventional,3,smoc4,40.15,5304,5020,11904,19556,10384,2436
4,conventional,3,smoc5,23.672,6056,1328,9716,12068,5608,2437
4,conventional,4,smoc1,42.292,10084,9836,26956,27716,17160,2439
4,conventional,4,smoc2,41.855,4892,2576,16552,20484,9744,2436
4,conventional,4,smoc3,41.666,2096,4736,11136,19584,10332,2435
4,conventional,4,smoc4,42.221,2976,5308,13080,20076,10188,2435
4,conventional,4,smoc5,22.874,5720,3884,2580,12288,8832,2437
4,conventional,5,smoc1,39.748,4616,5524,13092,26252,12460,2441
4,conventional,5,smoc2,40.06,7136,4404,10452,20532,10124,2441
4,conventional,5,smoc3,40.348,4616,5264,9596,21152,12392,2438
4,conventional,5,smoc4,39.165,5204,6084,22188,24472,12952,2434
4,conventional,5,smoc5,25.951,12752,6500,14000,15240,10820,2442
4,conventional,6,smoc1,41.918,3460,5660,14772,23116,13504,2439
4,conventional,6,smoc2,40.879,7052,6804,21496,25888,13996,2435
4,conventional,6,smoc3,41.252,3256,4412,9368,19772,11156,2437
4,conventional,6,smoc4,41.488,4352,8724,12468,21216,15464,2435
4,conventional,6,smoc5,23.456,3860,1136,9704,9468,3336,2436
4,conventional,7,smoc1,41.782,4384,4404,21928,26740,12896,2438
4,conventional,7,smoc2,42.716,3744,4972,12644,22656,10088,2439
4,conventional,7,smoc3,41.262,5488,5348,8620,20280,12540,2437
4,conventional,7,smoc4,41.599,2536,5524,10152,18644,12196,2437
4,conventional,7,smoc5,23.936,5696,3316,9664,13532,9716,2436
4,conventional,8,smoc1,42.624,6420,7000,17480,22796,13804,2438
4,conventional,8,smoc2,42.28,1488,3992,9432,16556,9876,2436
4,conventional,8,smoc3,42.569,4520,4724,6340,19204,11004,2437
4,conventional,8,smoc4,42.406,5556,5388,22912,23740,12904,2435
4,conventional,8,smoc5,23.577,960,2140,8880,11716,4448,2434
4,conventional,9,smoc1,41.482,7324,7092,24752,30164,15024,2439
4,conventional,9,smoc2,40.964,9688,7916,25804,26976,15152,2435
4,conventional,9,smoc3,41.526,8668,9328,24868,25888,16656,2435
4,conventional,9,smoc4,41.057,8084,7932,27256,26516,14548,2436
4,conventional,9,smoc5,25.460,924,276,10972,9200,4696,2438
4,conventional,10,smoc1,37.912,2664,5060,10148,21768,12388,2441
4,conventional,10,smoc2,38.879,5708,5496,21436,21792,10924,2435
4,conventional,10,smoc3,38.965,5228,4296,8072,25328,11448,2439
4,conventional,10,smoc4,38.734,304,5264,10908,20764,10060,2434
4,conventional,10,smoc5,22.189,6016,1028,10564,9736,5284,2435
4,distributed,1,smoc1,40.016,5596,4412,24188,21820,9756,2434
4,distributed,1,smoc2,40.042,4116,6612,14200,22024,13136,2438
4,distributed,1,smoc3,40.039,6700,1868,17956,22208,11812,2435
4,distributed,1,smoc4,39.42,5504,5260,22360,22944,12904,2434
4,distributed,1,smoc5,24.934,5544,1028,9620,1420,4316,2440
4,distributed,2,smoc1,41.103,1556,4732,11072,19292,11908,2434
4,distributed,2,smoc2,41.215,10748,7024,23544,20648,14728,2437
4,distributed,2,smoc3,41.004,6216,5956,5932,16732,13540,2440
4,distributed,2,smoc4,41.26,4616,4316,5300,12896,9424,2438
4,distributed,2,smoc5,23.974,748,3168,5092,2560,2328,2437
4,distributed,3,smoc1,41.103,6664,5644,7252,14396,9248,2441
4,distributed,3,smoc2,40.817,5660,10020,14232,24100,16956,2437
4,distributed,3,smoc3,41.531,7084,7080,17796,23180,10128,2435
4,distributed,3,smoc4,40.749,7424,5688,16428,21948,13172,2435
4,distributed,3,smoc5,25.808,2048,3724,2348,3136,1444,2438
4,distributed,4,smoc1,41.153,5504,5264,21336,23512,10188,2435
4,distributed,4,smoc2,40.552,7216,5980,16412,21536,13496,2437
4,distributed,4,smoc3,40.056,5860,2680,14900,19440,9160,2437
4,distributed,4,smoc4,40.378,3632,4728,12528,22352,10600,2435
4,distributed,4,smoc5,22.667,17440,13548,20244,17232,17360,2433
4,distributed,5,smoc1,40.35,3648,4596,13116,18828,10996,2435
4,distributed,5,smoc2,40.665,2292,6804,13652,22184,14064,2436
4,distributed,5,smoc3,40.587,6868,6636,16420,25664,14280,2436
4,distributed,5,smoc4,41.064,4328,2856,15008,17664,9652,2435
4,distributed,5,smoc5,24.929,5680,460,1604,1936,4352,2438
4,distributed,6,smoc1,41.36,5940,6332,22296,23736,13316,2434
4,distributed,6,smoc2,41.23,5676,5152,13964,21796,12000,2436
4,distributed,6,smoc3,41.609,3896,4728,13736,21068,10668,2436
4,distributed,6,smoc4,40.299,6460,8792,17376,23288,13828,2435
4,distributed,6,smoc5,24.387,2420,1576,4008,10188,2724,2438
4,distributed,7,smoc1,42.601,2380,4432,9792,21164,12060,2437
4,distributed,7,smoc2,41.938,4716,5228,10728,22604,13268,2437
4,distributed,7,smoc3,42.217,10308,8884,24672,27488,15960,2437
4,distributed,7,smoc4,41.935,4236,4492,9500,14700,9320,2438
4,distributed,7,smoc5,25.118,0,3052,6556,5640,5520,2435
4,distributed,8,smoc1,40.456,5244,4340,5832,19376,8100,2437
4,distributed,8,smoc2,40.407,2276,4728,11996,16180,8852,2434
4,distributed,8,smoc3,40.52,1836,4896,11856,21696,13684,2435
4,distributed,8,smoc4,40.808,9620,9372,22728,23504,14792,2438
4,distributed,8,smoc5,24.532,5348,2708,9684,15908,8108,2435
4,distributed,9,smoc1,42.159,7264,4800,24284,22004,9992,2434
4,distributed,9,smoc2,41.857,7404,6980,15648,24604,13964,2437
4,distributed,9,smoc3,41.792,6052,4128,17536,20616,9908,2436
4,distributed,9,smoc4,41.063,6244,4308,16912,22708,12312,2436
4,distributed,9,smoc5,24.887,7840,5008,14616,10096,6900,2438
4,distributed,10,smoc1,41.752,3256,4300,8212,17824,10832,2438
4,distributed,10,smoc2,40.807,3364,3168,9680,21292,9456,2436
4,distributed,10,smoc3,41.878,3144,4420,8152,18388,8224,2441
4,distributed,10,smoc4,41.739,3292,5668,15432,19508,11992,2435
4,distributed,10,smoc5,26.242,9136,2468,6996,944,6984,2438
4,centralized,1,smoc1,46.498,5268,4416,17820,19984,9148,2437
4,centralized,1,smoc2,46.663,7052,6804,24664,25024,12956,2435
4,centralized,1,smoc3,46.881,6852,2604,23836,21976,9624,2434
4,centralized,1,smoc4,46.557,6472,6940,22768,25184,13544,2436
4,centralized,1,smoc5,20.636,4836,368,10816,6852,2272,2440
4,centralized,2,smoc1,40.388,2292,4424,4804,14924,8184,2436
4,centralized,2,smoc2,40.526,6424,5912,16388,24708,11724,2436
4,centralized,2,smoc3,40.087,5296,5112,2356,14264,10988,2441
4,centralized,2,smoc4,40.459,7180,7116,14964,25896,13372,2435
4,centralized,2,smoc5,20.315,5588,1548,11752,14556,4772,2435
4,centralized,3,smoc1,41.144,5020,7956,12280,21792,14956,2436
4,centralized,3,smoc2,40.993,2912,4732,14664,21012,11004,2436
4,centralized,3,smoc3,40.845,8692,9484,23200,24048,16184,2436
4,centralized,3,smoc4,40.839,5296,4408,22388,20204,8392,2433
4,centralized,3,smoc5,20.885,5600,1548,7908,17368,4772,2436
4,centralized,4,smoc1,39.377,5756,3060,13268,17772,8620,2437
4,centralized,4,smoc2,39.387,1376,4204,7484,17636,7876,2437
4,centralized,4,smoc3,39.752,276,5324,9984,22452,11100,2437
4,centralized,4,smoc4,40.136,5316,5112,15056,20424,11152,2437
4,centralized,4,smoc5,19.278,2240,1840,4996,772,5712,2440
4,centralized,5,smoc1,65.924,5524,5320,21584,22288,11288,2436
4,centralized,5,smoc2,65.506,740,4784,9636,18796,9820,2435
4,centralized,5,smoc3,67.0,5524,1744,12812,13492,8284,2436
4,centralized,5,smoc4,65.711,756,5264,12552,21244,10080,2434
4,centralized,5,smoc5,19.838,5544,1028,7368,8156,4256,2438
4,centralized,6,smoc1,39.759,792,5124,11108,18376,11420,2435
4,centralized,6,smoc2,39.704,2368,5380,12280,24504,12512,2436
4,centralized,6,smoc3,39.629,9064,4424,17808,19252,10668,2435
4,centralized,6,smoc4,39.448,7284,6860,13468,20856,13152,2436
4,centralized,6,smoc5,20.654,2232,2336,8948,4596,1624,2438
4,centralized,7,smoc1,40.793,3340,5264,9516,21044,12004,2439
4,centralized,7,smoc2,40.493,4184,4412,1608,16732,7584,2439
4,centralized,7,smoc3,40.75,3120,4484,7524,17124,10468,2437
4,centralized,7,smoc4,40.074,5432,4684,22244,21396,8692,2434
4,centralized,7,smoc5,21.375,880,3180,6548,4716,364,2437
4,centralized,8,smoc1,42.183,2176,5328,4004,14516,8056,2435
4,centralized,8,smoc2,41.41,956,5592,9876,19600,9236,2438
4,centralized,8,smoc3,41.912,736,6460,6024,17232,9808,2437
4,centralized,8,smoc4,42.095,5328,7816,16184,22304,13292,2436
4,centralized,8,smoc5,21.331,5596,1028,8968,10080,4256,2436
4,centralized,9,smoc1,41.67,4248,4828,2872,15696,11552,2440
4,centralized,9,smoc2,40.945,2080,4460,6440,12880,6520,2436
4,centralized,9,smoc3,41.161,2068,6404,10848,23080,10228,2434
4,centralized,9,smoc4,40.738,5756,4424,20704,21700,10272,2435
4,centralized,9,smoc5,20.582,9904,6008,14080,12780,9500,2437
4,centralized,10,smoc1,41.197,7052,6804,14900,25700,13152,2436
4,centralized,10,smoc2,41.03,1936,5124,3292,15152,7456,2439
4,centralized,10,smoc3,41.466,928,5264,10472,18264,11228,2435
4,centralized,10,smoc4,40.832,1484,4304,8980,14916,6964,2435
4,centralized,10,smoc5,19.861,5548,1548,6256,11692,5032,2437
6,conventional,1,smoc1,66.268,3824,3228,12904,22168,9864,2439
6,conventional,1,smoc2,66.566,3244,2780,9784,21648,8504,2436
6,conventional,1,smoc3,66.261,11112,9812,23044,24200,17584,2440
6,conventional,1,smoc4,67.059,6972,3200,18736,20472,9952,2437
6,conventional,1,smoc5,66.676,8112,7544,23448,26820,15748,2437
6,conventional,1,smoc6,66.031,9752,9504,21568,24164,16772,2436
6,conventional,1,smoc7,27.165,8328,3352,14528,15792,7864,2438
6,conventional,2,smoc1,66.592,7020,7060,22580,28176,14056,2438
6,conventional,2,smoc2,66.306,5440,2284,8892,21644,10552,2440
6,conventional,2,smoc3,66.235,1816,5940,2580,15072,9380,2442
6,conventional,2,smoc4,66.276,5036,2164,23284,26148,10460,2437
6,conventional,2,smoc5,66.414,2248,5132,15660,21064,12296,2441
6,conventional,2,smoc6,66.4,6912,3768,12308,23836,9668,2441
6,conventional,2,smoc7,26.145,5352,1068,15704,13888,6040,2434
6,conventional,3,smoc1,67.599,6848,5344,9308,26420,13344,2441
6,conventional,3,smoc2,66.958,7052,4736,24480,24792,10652,2439
6,conventional,3,smoc3,67.602,352,5172,9552,21280,9860,2435
6,conventional,3,smoc4,66.763,2100,5324,11600,22232,9628,2436
6,conventional,3,smoc5,66.648,4864,4308,17024,22284,9760,2439
6,conventional,3,smoc6,67.698,2824,7316,13004,22112,14512,2435
6,conventional,3,smoc7,27.458,3124,1908,6256,2948,3128,2437
6,conventional,4,smoc1,66.573,8180,7156,24092,27496,14528,2438
6,conventional,4,smoc2,67.291,6848,3248,18980,25844,9408,2438
6,conventional,4,smoc3,68.23,6356,3440,14236,27264,10900,2438
6,conventional,4,smoc4,66.897,2648,3108,18660,22932,8940,2438
6,conventional,4,smoc5,67.656,3944,8544,17976,26108,15008,2435
6,conventional,4,smoc6,67.471,1460,4316,11892,24988,9212,2438
6,conventional,4,smoc7,27.687,1408,100,6900,10284,6064,2437
6,conventional,5,smoc1,64.817,7196,2224,24804,24240,10284,2438
6,conventional,5,smoc2,64.973,6760,6636,22360,27312,13716,2437
6,conventional,5,smoc3,65.517,2272,2936,9832,21440,9296,2437
6,conventional,5,smoc4,65.253,3356,5264,11036,22736,12460,2442
6,conventional,5,smoc5,66.214,6468,5676,21788,27364,14164,2439
6,conventional,5,smoc6,66.466,10700,9276,27640,23192,14440,2439
6,conventional,5,smoc7,26.066,7444,2844,8384,15492,7036,2437
6,conventional,6,smoc1,67.607,7292,2380,24360,23708,10116,2438
6,conventional,6,smoc2,67.086,4908,2508,23012,26628,10804,2435
6,conventional,6,smoc3,67.725,8408,6636,27420,26660,14060,2438
6,conventional,6,smoc4,67.497,5316,4272,17908,19196,9752,2436
6,conventional,6,smoc5,68.245,5220,7704,19628,21364,14648,2436
6,conventional,6,smoc6,68.554,6112,5816,25868,27052,12500,2438
6,conventional,6,smoc7,27.306,8596,3228,17396,8080,8264,2441
6,conventional,7,smoc1,68.222,2264,3260,9548,17156,9732,2439
6,conventional,7,smoc2,67.996,7052,2416,14456,27008,9820,2439
6,conventional,7,smoc3,67.379,2408,3332,14208,20340,9904,2436
6,conventional,7,smoc4,68.405,4868,4316,11792,19628,9292,2437
6,conventional,7,smoc5,66.943,7160,6912,17300,25156,12372,2436
6,conventional,7,smoc6,67.92,7852,8532,25896,28484,13808,2438
6,conventional,7,smoc7,26.894,2432,2640,3344,1060,2740,2436
6,conventional,8,smoc1,67.675,2320,4732,11560,19264,9224,2439
6,conventional,8,smoc2,68.401,4696,3752,18332,20792,9640,2438
6,conventional,8,smoc3,67.821,13168,12136,25536,26360,17180,2443
6,conventional,8,smoc4,67.134,4212,3728,13204,18236,8844,2440
6,conventional,8,smoc5,66.947,1540,6868,14092,24160,13832,2439
6,conventional,8,smoc6,66.798,2296,6804,14044,23012,13868,2438
6,conventional,8,smoc7,26.167,4756,1548,6112,6316,7232,2438
6,conventional,9,smoc1,68.467,6760,2224,23644,23708,9540,2438
6,conventional,9,smoc2,68.618,7632,5228,24008,25580,12784,2438
6,conventional,9,smoc3,68.492,6532,5228,24516,21484,12568,2437
6,conventional,9,smoc4,69.314,6848,6460,21260,23148,14256,2439
6,conventional,9,smoc5,68.206,6868,5228,22380,27468,13944,2437
6,conventional,9,smoc6,68.407,9652,6820,27640,25596,14088,2438
6,conventional,9,smoc7,27.523,8388,8140,18504,15608,9700,2437
6,conventional,10,smoc1,67.369,3380,4316,11592,22364,9212,2442
6,conventional,10,smoc2,67.04,1596,4064,10316,21120,9732,2438
6,conventional,10,smoc3,67.217,3684,3588,8872,22700,10096,2437
6,conventional,10,smoc4,66.601,5524,4548,8056,22604,10568,2439
6,conventional,10,smoc5,66.444,2888,4752,13676,21684,12716,2437
6,conventional,10,smoc6,67.122,8720,8204,24212,26928,16064,2436
6,conventional,10,smoc7,26.086,6100,1732,5596,2284,1864,2440
6,distributed,1,smoc1,66.03,276,5224,3356,9988,6672,2437
6,distributed,1,smoc2,65.588,1468,3560,5176,14832,6544,2436
6,distributed,1,smoc3,66.149,3872,4296,15824,13196,6564,2437
6,distributed,1,smoc4,66.105,1692,4416,4120,13464,8308,2436
6,distributed,1,smoc5,65.362,0,4596,6924,9828,7000,2437
6,distributed,1,smoc6,65.863,0,4596,4628,10908,6836,2435
6,distributed,1,smoc7,28.833,12136,7040,23608,23960,12176,2440
6,distributed,2,smoc1,66.549,4932,1436,12004,19492,8164,2435
6,distributed,2,smoc2,66.665,2016,4308,8820,11624,7348,2435
6,distributed,2,smoc3,67.483,4576,1768,3140,11836,7036,2439
6,distributed,2,smoc4,67.004,4952,4692,14052,15700,8604,2435
6,distributed,2,smoc5,67.158,2244,2872,10040,12364,6416,2436
6,distributed,2,smoc6,67.39,0,4588,3520,8460,7500,2434
6,distributed,2,smoc7,26.785,5544,1028,9936,6400,5740,2436
6,distributed,3,smoc1,67.467,2480,4248,11784,13744,7688,2438
6,distributed,3,smoc2,67.054,4668,2264,9352,10280,7188,2439
6,distributed,3,smoc3,66.516,4896,4412,14880,16912,7392,2436
6,distributed,3,smoc4,67.307,232,6404,4244,10056,6936,2436
6,distributed,3,smoc5,66.602,4748,1608,15144,13516,8072,2436
6,distributed,3,smoc6,65.905,4548,1600,14352,13372,7992,2436
6,distributed,3,smoc7,27.240,5544,1028,6972,11208,6560,2436
6,distributed,4,smoc1,66.085,4684,4352,18120,19540,8304,2435
6,distributed,4,smoc2,67.235,2244,4852,6300,16148,8160,2438
6,distributed,4,smoc3,66.202,4680,1660,15720,15088,7684,2435
6,distributed,4,smoc4,66.695,4676,3132,11252,13916,7176,2439
6,distributed,4,smoc5,66.082,4568,4304,16164,18704,7356,2435
6,distributed,4,smoc6,67.137,4260,1792,11376,12248,7124,2435
6,distributed,4,smoc7,27.465,6760,2828,15068,17924,7668,2437
6,distributed,5,smoc1,67.822,4672,3000,18384,16404,7732,2435
6,distributed,5,smoc2,68.084,4676,4252,14568,16164,7252,2434
6,distributed,5,smoc3,67.48,2660,4208,13452,14828,7616,2433
6,distributed,5,smoc4,68.605,3720,4548,3816,16044,7692,2436
6,distributed,5,smoc5,68.119,3156,4296,3748,14052,6612,2436
6,distributed,5,smoc6,67.759,4644,2680,10192,12784,7732,2438
6,distributed,5,smoc7,27.589,6036,1028,15352,10464,5544,2435
6,distributed,6,smoc1,65.523,276,5324,4864,15580,8104,2437
6,distributed,6,smoc2,66.448,3516,2936,5800,9528,6484,2438
6,distributed,6,smoc3,66.006,0,4596,5596,10836,6804,2435
6,distributed,6,smoc4,65.806,4676,3908,17836,16272,7724,2435
6,distributed,6,smoc5,66.677,7560,3720,14776,8376,10184,2438
6,distributed,6,smoc6,66.64,2356,2932,7484,9876,6612,2435
6,distributed,6,smoc7,27.423,6764,120,7936,5128,4540,2438
6,distributed,7,smoc1,66.817,4148,4420,9204,15804,7564,2435
6,distributed,7,smoc2,67.065,5032,4640,1424,16164,8524,2439
6,distributed,7,smoc3,66.948,2948,4604,3716,13888,7748,2439
6,distributed,7,smoc4,66.244,2016,2924,2724,11824,7736,2437
6,distributed,7,smoc5,65.776,1144,4068,5724,12940,7508,2431
6,distributed,7,smoc6,67.092,5124,4088,12964,14452,7952,2439
6,distributed,7,smoc7,27.046,936,3004,8216,8816,5304,2434
6,distributed,8,smoc1,66.48,1396,4348,6088,16876,7912,2438
6,distributed,8,smoc2,65.268,1980,3628,4576,13488,7720,2438
6,distributed,8,smoc3,66.169,4004,4316,17036,14320,7192,2435
6,distributed,8,smoc4,64.809,84,4596,7932,15448,8044,2436
6,distributed,8,smoc5,65.502,0,4728,4644,10616,7036,2437
6,distributed,8,smoc6,65.71,0,4728,5404,13476,7712,2435
6,distributed,8,smoc7,28.197,7180,2184,12308,9668,6772,2441
6,distributed,9,smoc1,74.574,204,4964,6388,10120,6648,2434
6,distributed,9,smoc2,74.102,4856,1144,11380,14312,7984,2439
6,distributed,9,smoc3,74.396,464,4964,6512,16836,6560,2436
6,distributed,9,smoc4,74.788,4352,3904,0,14008,8364,2441
6,distributed,9,smoc5,74.578,3664,1600,0,10656,7000,2440
6,distributed,9,smoc6,75.056,4640,4296,6072,16396,8048,2442
6,distributed,9,smoc7,32.741,948,3576,6920,3600,4804,2435
6,distributed,10,smoc1,67.142,3512,4648,18784,19648,8924,2434
6,distributed,10,smoc2,67.695,5232,4740,16092,17276,8468,2440
6,distributed,10,smoc3,67.68,5208,4308,1276,14712,8468,2439
6,distributed,10,smoc4,67.062,464,4832,6300,15448,6472,2436
6,distributed,10,smoc5,67.575,4628,4884,5532,15544,9228,2437
6,distributed,10,smoc6,68.717,508,5316,2524,11748,7624,2439
6,distributed,10,smoc7,27.575,5504,1028,11288,10228,6064,2435
6,centralized,1,smoc1,66.117,4516,1780,11624,12376,6580,2435
6,centralized,1,smoc2,66.34,4580,1600,16404,14136,6652,2435
6,centralized,1,smoc3,66.836,3288,1432,0,8564,7712,2441
6,centralized,1,smoc4,65.69,92,4596,5024,14504,7344,2434
6,centralized,1,smoc5,66.167,4644,1764,10848,13396,6772,2435
6,centralized,1,smoc6,67.042,56,4612,5420,14564,6640,2433
6,centralized,1,smoc7,21.414,1796,3320,7780,2780,288,2437
6,centralized,2,smoc1,66.109,232,4964,7056,14312,8008,2434
6,centralized,2,smoc2,66.26,4900,4404,14604,18512,7468,2435
6,centralized,2,smoc3,67.118,5152,4424,7348,10992,7336,2441
6,centralized,2,smoc4,66.116,4828,2908,5244,12132,6916,2443
6,centralized,2,smoc5,66.248,1256,3816,5576,11440,7072,2436
6,centralized,2,smoc6,65.902,232,4732,7776,14652,7080,2434
6,centralized,2,smoc7,21.472,5492,1548,10784,14508,4580,2436
6,centralized,3,smoc1,67.031,4424,4344,14736,15020,6648,2435
6,centralized,3,smoc2,66.396,4776,4340,1016,12752,7352,2441
6,centralized,3,smoc3,66.505,4788,4524,7976,15288,6432,2436
6,centralized,3,smoc4,66.953,4856,4424,10888,15564,7392,2435
6,centralized,3,smoc5,67.035,884,4136,3684,10500,5832,2437
6,centralized,3,smoc6,66.935,0,4720,4172,9940,6068,2435
6,centralized,3,smoc7,22.007,4512,1048,11556,10396,6520,2436
6,centralized,4,smoc1,66.386,1904,4296,2632,14248,7144,2437
6,centralized,4,smoc2,65.948,4668,4128,17384,17776,6928,2436
6,centralized,4,smoc3,65.528,4680,4348,7792,15204,6796,2438
6,centralized,4,smoc4,65.914,0,3084,308,11792,6580,2436
6,centralized,4,smoc5,65.416,4572,4296,15208,16760,6748,2434
6,centralized,4,smoc6,66.293,4152,1668,0,9484,6352,2440
6,centralized,4,smoc7,21.217,5464,1028,10688,12452,5160,2435
6,centralized,5,smoc1,66.978,3540,2264,8612,10100,6604,2435
6,centralized,5,smoc2,67.963,3640,4132,7180,17120,6932,2437
6,centralized,5,smoc3,67.694,0,5628,7884,12524,7780,2435
6,centralized,5,smoc4,68.254,4584,4672,17848,19996,8312,2436
6,centralized,5,smoc5,68.134,3488,2468,0,9896,7920,2442
6,centralized,5,smoc6,67.709,3652,4416,18240,18856,7216,2435
6,centralized,5,smoc7,23.401,5596,1548,11136,11716,5980,2439
6,centralized,6,smoc1,66.651,4508,3140,12648,12180,6928,2436
6,centralized,6,smoc2,66.599,4516,1772,4176,15136,6336,2437
6,centralized,6,smoc3,66.6,1332,3784,4796,10620,5964,2436
6,centralized,6,smoc4,66.151,4572,4296,17044,15264,8072,2434
6,centralized,6,smoc5,66.62,4576,1668,0,8844,7532,2441
6,centralized,6,smoc6,66.356,272,5332,4828,14796,8032,2439
6,centralized,6,smoc7,22.129,5584,1028,11792,8740,4768,2436
6,centralized,7,smoc1,68.302,2756,4568,4532,17244,8960,2437
6,centralized,7,smoc2,67.124,3660,1892,13492,10292,5832,2435
6,centralized,7,smoc3,68.132,2204,4128,6856,10816,6452,2438
6,centralized,7,smoc4,66.853,0,4592,7636,13624,6948,2435
6,centralized,7,smoc5,67.886,4428,1440,18340,12384,6252,2434
6,centralized,7,smoc6,67.507,3128,4088,13244,15444,6832,2437
6,centralized,7,smoc7,22.408,2028,2068,8220,5700,692,2435
6,centralized,8,smoc1,68.874,4516,4240,0,13120,6800,2439
6,centralized,8,smoc2,68.584,4528,3824,9172,11836,6340,2435
6,centralized,8,smoc3,68.388,4800,4524,7968,17308,7072,2438
6,centralized,8,smoc4,69.234,4752,1784,15124,16232,6296,2436
6,centralized,8,smoc5,69.312,3888,4352,15028,15932,8236,2435
6,centralized,8,smoc6,68.921,4644,3896,380,14796,8940,2440
6,centralized,8,smoc7,21.618,5596,1028,8036,8912,4188,2436
6,centralized,9,smoc1,65.775,268,5240,2524,11016,5836,2435
6,centralized,9,smoc2,66.429,664,4420,8636,14328,8176,2434
6,centralized,9,smoc3,65.713,728,4732,6544,13564,6392,2437
6,centralized,9,smoc4,66.285,4236,1440,11148,10876,7460,2436
6,centralized,9,smoc5,66.719,3896,4364,0,14404,6968,2441
6,centralized,9,smoc6,65.696,4668,1780,16676,13756,6352,2436
6,centralized,9,smoc7,22.268,2008,632,4172,1976,4052,2439
6,centralized,10,smoc1,67.741,1996,4416,3448,13024,6396,2436
6,centralized,10,smoc2,66.976,4388,4416,8180,12460,8820,2436
6,centralized,10,smoc3,67.253,3664,1596,13956,12688,5512,2434
6,centralized,10,smoc4,67.504,4528,1668,15400,13116,7464,2435
6,centralized,10,smoc5,67.959,4908,1768,14660,11856,5672,2434
6,centralized,10,smoc6,66.604,6248,4404,10848,15540,7356,2438
6,centralized,10,smoc7,21.752,3292,1548,11208,15884,4972,2437
8,centralized,1,smoc1,96.646,4520,1600,1196,11340,5744,2441
8,centralized,1,smoc2,96.495,2452,2216,4580,11816,6204,2439
8,centralized,1,smoc3,96.686,504,5548,3644,14876,5528,2439
8,centralized,1,smoc4,95.897,4748,1096,10104,12268,5780,2436
8,centralized,1,smoc5,96.947,4520,3000,968,12880,5616,2438
8,centralized,1,smoc6,96.448,4668,2940,14576,13860,7916,2434
8,centralized,1,smoc7,96.152,4688,1660,13584,10172,5860,2435
8,centralized,1,smoc8,96.137,16,4684,6168,13460,7612,2434
8,centralized,1,smoc9,25.636,3720,760,13544,1964,2472,2434
8,centralized,2,smoc1,97.051,2512,1768,0,9836,7852,2441
8,centralized,2,smoc2,96.393,508,5548,1700,13496,5552,2439
8,centralized,2,smoc3,95.776,508,4660,4436,15456,8124,2437
8,centralized,2,smoc4,95.415,84,4600,5976,13112,6504,2435
8,centralized,2,smoc5,97.252,3076,4304,12620,14932,6296,2434
8,centralized,2,smoc6,96.802,268,5344,3488,10668,5840,2436
8,centralized,2,smoc7,96.165,232,4920,3284,11176,5528,2434
8,centralized,2,smoc8,95.301,508,5316,4956,12712,5956,2436
8,centralized,2,smoc9,24.676,2052,3364,5196,2620,508,2436
8,centralized,3,smoc1,96.862,4752,1332,13712,12576,5804,2435
8,centralized,3,smoc2,96.915,4436,3000,5876,7412,6132,2436
8,centralized,3,smoc3,96.648,4320,4432,15216,15384,6792,2436
8,centralized,3,smoc4,97.751,4760,4088,11388,14420,6448,2435
8,centralized,3,smoc5,86.985,3620,4412,13068,11868,6028,2438
8,centralized,3,smoc6,97.824,4636,4412,0,11924,6388,2438
8,centralized,3,smoc7,95.92,0,4732,5448,15640,8368,2437
8,centralized,3,smoc8,96.245,860,4476,8952,12684,5460,2436
8,centralized,3,smoc9,24.275,2004,3776,7408,4836,124,2437
8,centralized,4,smoc1,99.143,4680,1892,208,11616,6200,2441
8,centralized,4,smoc2,97.017,4676,4348,9496,19944,8628,2436
8,centralized,4,smoc3,98.427,1328,3748,2464,11716,5680,2436
8,centralized,4,smoc4,96.479,212,1648,4724,8484,6196,2437
8,centralized,4,smoc5,93.864,4092,1256,9368,11224,6128,2439
8,centralized,4,smoc6,97.476,4304,4416,14640,17236,8556,2434
8,centralized,4,smoc7,97.465,292,4404,6480,15376,8916,2436
8,centralized,4,smoc8,97.195,4908,1892,6984,12308,6132,2436
8,centralized,4,smoc9,22.896,832,3448,7396,280,552,2435
8,centralized,5,smoc1,101.355,3796,2416,3740,15896,6564,2440
8,centralized,5,smoc2,101.776,792,4180,2108,11376,5616,2437
8,centralized,5,smoc3,102.587,736,5280,2416,10504,6564,2442
8,centralized,5,smoc4,100.798,4484,1332,14196,14764,5784,2437
8,centralized,5,smoc5,99.099,1344,6440,792,14608,5848,2441
8,centralized,5,smoc6,102.167,504,5116,2704,12988,6268,2435
8,centralized,5,smoc7,102.497,124,4544,8260,15780,8356,2435
8,centralized,5,smoc8,98.864,4672,1388,16344,15364,5832,2436
8,centralized,5,smoc9,23.700,5252,4948,10996,19120,8032,2437
8,centralized,6,smoc1,99.396,1400,3660,4476,10816,5868,2437
8,centralized,6,smoc2,97.891,328,4624,6068,13692,8572,2436
8,centralized,6,smoc3,100.94,4680,3168,16572,12888,6992,2436
8,centralized,6,smoc4,98.802,4576,4300,12380,16164,7360,2435
8,centralized,6,smoc5,100.826,3408,1624,3416,5916,5588,2440
8,centralized,6,smoc6,99.726,4800,1780,0,10424,6240,2442
8,centralized,6,smoc7,101.952,0,1916,4468,9340,6480,2440
8,centralized,6,smoc8,99.876,4808,1332,0,9712,5976,2442
8,centralized,6,smoc9,24.650,6792,2216,7252,1752,5504,2438
8,centralized,7,smoc1,99.867,228,5032,2860,15600,6640,2437
8,centralized,7,smoc2,98.522,1080,4472,8740,12860,6472,2435
8,centralized,7,smoc3,98.623,232,4964,1904,12644,5588,2435
8,centralized,7,smoc4,98.609,4800,4292,11256,12028,6036,2435
8,centralized,7,smoc5,98.67,1360,5172,7696,15340,8064,2437
8,centralized,7,smoc6,98.607,1856,4048,1164,13516,5528,2437
8,centralized,7,smoc7,97.88,4688,4256,8580,13796,5980,2435
8,centralized,7,smoc8,98.963,4680,4416,11476,17452,7524,2436
8,centralized,7,smoc9,25.782,5596,1028,17756,8652,4640,2434
8,centralized,8,smoc1,99.815,4908,2680,15468,14132,6932,2437
8,centralized,8,smoc2,101.067,4676,1600,9060,16140,6224,2437
8,centralized,8,smoc3,100.755,1992,4348,3744,14628,7952,2436
8,centralized,8,smoc4,101.96,740,5196,1336,11812,5488,2436
8,centralized,8,smoc5,101.743,2228,4412,4516,12544,8104,2437
8,centralized,8,smoc6,100.756,752,4308,2008,14144,5880,2437
8,centralized,8,smoc7,99.227,0,4728,8148,13136,6636,2438
8,centralized,8,smoc8,100.099,4392,4292,0,13532,6876,2440
8,centralized,8,smoc9,24.338,5548,5228,10448,18468,9864,2445
8,centralized,9,smoc1,96.754,464,4824,5272,11416,6280,2434
8,centralized,9,smoc2,98.471,4648,4076,15840,18120,8524,2436
8,centralized,9,smoc3,96.556,272,5036,4680,17312,8436,2436
8,centralized,9,smoc4,97.979,4656,1088,7664,9608,6220,2436
8,centralized,9,smoc5,95.717,4748,1256,10976,11524,5932,2434
8,centralized,9,smoc6,96.406,4668,1792,17996,14940,6564,2435
8,centralized,9,smoc7,98.41,2448,3048,9152,11624,5820,2437
8,centralized,9,smoc8,98.289,3624,4436,0,17100,7544,2440
8,centralized,9,smoc9,24.793,2464,3156,8040,452,1104,2434
8,centralized,10,smoc1,95.313,4668,648,11392,14660,6220,2435
8,centralized,10,smoc2,99.193,4908,4296,10656,12352,7048,2435
8,centralized,10,smoc3,96.643,4656,2416,14632,12460,6276,2436
8,centralized,10,smoc4,96.766,4560,4304,13020,17240,6736,2435
8,centralized,10,smoc5,95.857,4668,2416,8700,16344,5968,2436
8,centralized,10,smoc6,96.706,80,4608,6528,13392,5700,2435
8,centralized,10,smoc7,97.341,4544,3168,9128,12456,6784,2435
8,centralized,10,smoc8,95.115,1284,4424,6112,12992,6148,2437
8,centralized,10,smoc9,25.452,5504,1028,4044,5564,4316,2438
8,distributed,1,smoc1,95.11,4508,1144,13248,14636,6932,2434
8,distributed,1,smoc2,95.646,5120,4296,5272,9528,6516,2440
8,distributed,1,smoc3,96.534,4680,4416,16452,17128,7460,2435
8,distributed,1,smoc4,96.778,4904,4340,1900,13792,8088,2442
8,distributed,1,smoc5,95.766,2112,3404,3692,14728,6712,2436
8,distributed,1,smoc6,95.192,4192,2272,9224,11844,7356,2437
8,distributed,1,smoc7,95.887,4040,1608,11392,13244,6796,2438
8,distributed,1,smoc8,95.909,3268,2484,636,11776,6708,2436
8,distributed,1,smoc9,31.703,5164,1416,8108,1708,3252,2438
8,distributed,2,smoc1,96.728,0,4292,5104,14600,7016,2435
8,distributed,2,smoc2,95.511,3288,4344,9832,15460,8104,2436
8,distributed,2,smoc3,96.442,5008,1668,11724,17400,6736,2439
8,distributed,2,smoc4,96.177,508,5556,4896,16648,7448,2435
8,distributed,2,smoc5,96.126,3604,2224,2100,12340,6992,2438
8,distributed,2,smoc6,96.102,2264,4292,3452,16320,7064,2437
8,distributed,2,smoc7,96.489,464,4828,3756,12192,6192,2435
8,distributed,2,smoc8,96.729,4044,5012,4772,17936,9776,2441
8,distributed,2,smoc9,33.420,2692,2596,9384,4652,2044,2436
8,distributed,3,smoc1,97.537,2252,2648,4440,11888,7832,2441
8,distributed,3,smoc2,96.04,7200,5400,20120,18340,9144,2440
8,distributed,3,smoc3,95.622,0,4728,5504,8068,6484,2434
8,distributed,3,smoc4,96.037,5264,4772,2660,14360,8436,2439
8,distributed,3,smoc5,96.391,4696,4076,15216,16496,7168,2436
8,distributed,3,smoc6,95.929,5036,1780,19448,13396,6604,2436
8,distributed,3,smoc7,95.435,792,4300,1728,15128,6608,2436
8,distributed,3,smoc8,95.686,0,4600,528,8640,6220,2437
8,distributed,3,smoc9,32.577,10208,6752,21348,16036,11008,2440
8,distributed,4,smoc1,98.604,4512,5040,5428,14344,8816,2440
8,distributed,4,smoc2,97.07,4904,4232,19708,19936,9216,2435
8,distributed,4,smoc3,101.137,5028,4568,13364,17500,7564,2442
8,distributed,4,smoc4,97.178,464,4964,3540,18508,8368,2436
8,distributed,4,smoc5,97.007,0,4308,4496,14484,6516,2436
8,distributed,4,smoc6,97.188,2208,4132,10852,15348,7440,2436
8,distributed,4,smoc7,95.216,4568,3184,14904,14448,8240,2435
8,distributed,4,smoc8,96.49,4912,1096,12104,18452,6688,2436
8,distributed,4,smoc9,31.632,7732,7728,19804,21384,11864,2436
8,distributed,5,smoc1,98.687,3380,1624,0,9716,6128,2441
8,distributed,5,smoc2,97.15,4580,1144,11924,11664,6752,2436
8,distributed,5,smoc3,98.176,3648,2908,19112,16036,6904,2435
8,distributed,5,smoc4,97.309,272,4668,5092,14244,7912,2437
8,distributed,5,smoc5,97.078,464,4832,4792,11588,6260,2437
8,distributed,5,smoc6,98.13,272,5332,2900,14632,6796,2436
8,distributed,5,smoc7,96.754,272,4828,1956,13316,6692,2436
8,distributed,5,smoc8,97.351,0,4732,5884,12840,6568,2436
8,distributed,5,smoc9,32.203,6988,3960,20428,12220,8608,2437
8,distributed,6,smoc1,96.222,504,5580,0,12392,6396,2439
8,distributed,6,smoc2,95.821,4572,2484,13268,9960,7036,2436
8,distributed,6,smoc3,97.004,4744,4416,17992,19808,8300,2437
8,distributed,6,smoc4,95.765,4668,3904,7476,14196,6900,2436
8,distributed,6,smoc5,96.66,664,4224,6420,10448,6392,2439
8,distributed,6,smoc6,95.901,4152,788,7756,14660,6780,2436
8,distributed,6,smoc7,95.556,0,4728,7352,15524,8556,2434
8,distributed,6,smoc8,95.397,956,4316,1692,13612,6844,2436
8,distributed,6,smoc9,29.578,3928,1848,12208,11840,6496,2436
8,distributed,7,smoc1,101.636,3892,4628,15596,13964,6416,2435
8,distributed,7,smoc2,104.335,3456,1780,13028,11076,6480,2436
8,distributed,7,smoc3,103.822,3320,4296,8832,15804,6628,2436
8,distributed,7,smoc4,102.77,4192,1604,12340,11792,8064,2434
8,distributed,7,smoc5,100.834,4760,4352,14948,14240,6720,2438
8,distributed,7,smoc6,100.785,0,4596,4632,12444,6612,2436
8,distributed,7,smoc7,102.399,2008,4316,5332,15924,7904,2437
8,distributed,7,smoc8,103.551,4668,1760,15376,13656,6736,2436
8,distributed,7,smoc9,30.453,2028,412,5148,5076,4592,2434
8,distributed,8,smoc1,99.105,1596,4340,3828,15676,7812,2437
8,distributed,8,smoc2,98.597,4192,1372,14544,14892,6712,2436
8,distributed,8,smoc3,98.46,4896,4892,520,14908,9040,2439
8,distributed,8,smoc4,101.157,4676,1348,14212,8452,6928,2435
8,distributed,8,smoc5,98.981,464,4644,4944,17148,6564,2436
8,distributed,8,smoc6,99.861,464,4964,5780,13852,6520,2435
8,distributed,8,smoc7,99.635,4668,4404,11852,19680,7356,2436
8,distributed,8,smoc8,100.429,0,4688,5048,10636,6720,2435
8,distributed,8,smoc9,31.546,5048,1028,7680,4992,5480,2438
8,distributed,9,smoc1,98.875,4680,4616,14996,17056,8280,2435
8,distributed,9,smoc2,98.921,0,4728,7088,13208,7796,2434
8,distributed,9,smoc3,100.092,3956,4300,8188,11704,7608,2438
8,distributed,9,smoc4,99.16,4920,2416,14780,12740,6648,2436
8,distributed,9,smoc5,100.93,4808,4352,10228,14048,7900,2438
8,distributed,9,smoc6,100.88,60,4608,2524,11344,6792,2441
8,distributed,9,smoc7,99.295,2152,4432,2184,13480,6712,2440
8,distributed,9,smoc8,98.141,232,4960,5744,11640,6376,2435
8,distributed,9,smoc9,32.281,2008,3524,6844,6340,1188,2438
8,distributed,10,smoc1,95.703,736,4448,5580,18240,7312,2437
8,distributed,10,smoc2,96.882,3616,6564,14920,19604,11300,2438
8,distributed,10,smoc3,97.636,4852,4596,17700,18580,8348,2434
8,distributed,10,smoc4,98.462,2520,1828,14068,17416,7908,2436
8,distributed,10,smoc5,98.976,4476,4540,2708,13756,7180,2439
8,distributed,10,smoc6,97.282,4252,1648,16040,13636,6928,2436
8,distributed,10,smoc7,98.368,4684,4308,12024,15028,7228,2437
8,distributed,10,smoc8,96.476,4548,2956,1988,15032,6680,2436
8,distributed,10,smoc9,32.115,3396,2020,5980,1640,3604,2436
10,distributed,1,smoc1,127.728,4668,4076,3564,16152,8680,2441
10,distributed,1,smoc2,124.509,1772,1772,6484,7280,6536,2437
10,distributed,1,smoc3,125.066,4864,4316,15716,17444,6996,2438
10,distributed,1,smoc4,127.212,4900,4196,15752,14212,6932,2435
10,distributed,1,smoc5,127.34,3524,3908,16636,18168,7188,2435
10,distributed,1,smoc6,126.202,76,4600,6100,14864,7668,2438
10,distributed,1,smoc7,126.432,1140,3880,4776,13220,6344,2436
10,distributed,1,smoc8,126.32,4680,1348,12396,14940,6696,2437
10,distributed,1,smoc9,127.056,1788,4372,6280,13144,7412,2436
10,distributed,1,smoc10,125.077,4900,2416,12724,11944,6424,2435
10,distributed,1,smoc11,36.674,4588,120,8668,8312,4600,2435
10,distributed,2,smoc1,128.019,232,4828,5644,11560,6368,2436
10,distributed,2,smoc2,125.826,80,4608,7856,16468,7272,2435
10,distributed,2,smoc3,128.364,3684,4308,5456,14520,6328,2438
10,distributed,2,smoc4,128.261,4476,1356,2408,10476,6868,2439
10,distributed,2,smoc5,125.757,4668,4144,12300,14968,7204,2437
10,distributed,2,smoc6,128.098,4428,3168,0,13320,7136,2442
10,distributed,2,smoc7,127.799,0,4740,2368,10636,6652,2434
10,distributed,2,smoc8,128.463,4520,2484,9184,16604,6860,2438
10,distributed,2,smoc9,126.792,2184,5488,11776,16904,7856,2436
10,distributed,2,smoc10,127.002,4356,1336,0,14536,6680,2439
10,distributed,2,smoc11,37.620,4608,388,11296,12136,5676,2435
10,distributed,3,smoc1,131.953,4748,1792,17388,15248,6740,2436
10,distributed,3,smoc2,130.52,276,5324,4868,11596,6780,2435
10,distributed,3,smoc3,131.912,4980,1596,12432,11148,6672,2435
10,distributed,3,smoc4,130.383,4688,1332,13136,15120,6860,2435
10,distributed,3,smoc5,130.834,5268,5032,20976,22008,9676,2437
10,distributed,3,smoc6,132.041,3652,4244,16780,15100,6992,2434
10,distributed,3,smoc7,132.905,5036,3000,5012,13920,6804,2442
10,distributed,3,smoc8,131.514,4988,4128,21408,19072,7172,2435
10,distributed,3,smoc9,131.76,0,4728,5348,11200,6784,2437
10,distributed,3,smoc10,134.949,416,4476,8452,10376,6540,2439
10,distributed,3,smoc11,34.092,2008,224,5344,2220,1808,2439
10,distributed,4,smoc1,129.293,0,4748,6272,16168,8172,2436
10,distributed,4,smoc2,129.059,4548,4344,11648,15900,8164,2435
10,distributed,4,smoc3,129.55,4648,4340,13584,16908,8200,2436
10,distributed,4,smoc4,130.691,272,5336,6064,15376,7844,2437
10,distributed,4,smoc5,129.79,232,4828,5200,12096,7624,2435
10,distributed,4,smoc6,129.088,232,4828,6072,12160,7248,2434
10,distributed,4,smoc7,129.798,4752,1144,11312,10648,6804,2435
10,distributed,4,smoc8,129.475,3688,1348,19796,18400,6844,2434
10,distributed,4,smoc9,130.399,876,4232,7944,7708,6784,2438
10,distributed,4,smoc10,129.358,4668,4340,10872,20616,7516,2436
10,distributed,4,smoc11,37.065,5596,2748,19516,18580,8304,2437
10,distributed,5,smoc1,128.831,4668,2940,7872,16476,7528,2437
10,distributed,5,smoc2,128.487,4568,1892,0,10448,7120,2440
10,distributed,5,smoc3,126.398,4576,4404,0,14956,8808,2441
10,distributed,5,smoc4,128.021,3952,1076,2368,12020,6800,2440
10,distributed,5,smoc5,128.14,232,4828,4068,12928,6364,2437
10,distributed,5,smoc6,129.1,4992,600,20332,11660,6696,2435
10,distributed,5,smoc7,128.173,3860,4856,8676,18636,8680,2439
10,distributed,5,smoc8,128.751,88,4592,7180,12764,5988,2433
10,distributed,5,smoc9,132.083,4744,2652,15148,14412,6420,2438
10,distributed,5,smoc10,128.272,1296,3560,4660,15100,8044,2437
10,distributed,5,smoc11,39.861,6100,1128,1528,212,5544,2441
10,distributed,6,smoc1,128.869,756,4416,8060,12852,6416,2437
10,distributed,6,smoc2,129.234,4588,1660,13376,12916,6908,2439
10,distributed,6,smoc3,128.442,180,4412,6120,18076,8620,2436
10,distributed,6,smoc4,129.078,300,1648,5116,11172,6600,2435
10,distributed,6,smoc5,129.737,4676,4200,11440,19208,7500,2437
10,distributed,6,smoc6,129.331,3068,520,14000,13012,7020,2436
10,distributed,6,smoc7,130.253,4892,4636,1920,16904,9224,2441
10,distributed,6,smoc8,129.134,3652,4528,15616,15832,6256,2435
10,distributed,6,smoc9,129.512,912,4584,8936,10088,6540,2436
10,distributed,6,smoc10,127.236,4520,3732,12920,23160,9056,2439
10,distributed,6,smoc11,37.055,5472,2460,6076,4444,7636,2438
10,distributed,7,smoc1,126.991,580,4900,5544,13268,6368,2436
10,distributed,7,smoc2,129.164,1564,3964,3188,10212,6412,2437
10,distributed,7,smoc3,128.278,4860,4404,1384,13876,8028,2439
10,distributed,7,smoc4,126.516,5020,2484,22052,19200,7036,2434
10,distributed,7,smoc5,129.486,6356,2640,15724,13660,8420,2437
10,distributed,7,smoc6,127.586,3312,2256,3044,10212,6240,2437
10,distributed,7,smoc7,128.598,232,4960,3816,11108,6328,2436
10,distributed,7,smoc8,127.148,5092,4228,3320,16700,8928,2439
10,distributed,7,smoc9,129.195,4468,2856,17136,16092,7944,2435
10,distributed,7,smoc10,131.982,4232,2204,1252,15032,7040,2440
10,distributed,7,smoc11,34.449,6108,1568,6132,1424,5632,2438
10,distributed,8,smoc1,131.208,1980,4560,4164,16388,8424,2437
10,distributed,8,smoc2,133.507,4508,1372,15084,12232,6696,2436
10,distributed,8,smoc3,130.503,4676,4412,12868,19212,8140,2437
10,distributed,8,smoc4,133.256,1672,5564,3332,18308,5804,2442
10,distributed,8,smoc5,131.514,848,4472,9608,15092,7964,2435
10,distributed,8,smoc6,133.049,272,4832,5600,16844,8164,2436
10,distributed,8,smoc7,130.775,4988,4292,10400,14400,7292,2434
10,distributed,8,smoc8,130.799,5080,4580,13240,17444,7088,2435
10,distributed,8,smoc9,129.556,232,4820,7008,15656,8632,2435
10,distributed,8,smoc10,130.89,0,4732,6932,17196,8716,2436
10,distributed,8,smoc11,29.968,6936,3604,20224,15340,8704,2436
10,distributed,9,smoc1,129.432,540,4676,5424,18360,8364,2437
10,distributed,9,smoc2,129.529,6332,4324,10420,8808,7392,2433
10,distributed,9,smoc3,127.73,4668,1332,16288,15256,7056,2434
10,distributed,9,smoc4,130.47,8860,6348,5768,11160,10208,2444
10,distributed,9,smoc5,129.254,84,4596,6364,18308,8112,2436
10,distributed,9,smoc6,130.618,3140,1772,12408,10628,6972,2436
10,distributed,9,smoc7,130.901,3332,2448,15188,13304,7388,2436
10,distributed,9,smoc8,129.934,500,5324,7656,16548,6524,2437
10,distributed,9,smoc9,128.792,2184,4636,4760,15932,9032,2436
10,distributed,9,smoc10,130.175,4096,4472,13608,14740,6984,2434
10,distributed,9,smoc11,36.489,5124,1028,6492,2572,5460,2439
10,distributed,10,smoc1,127.547,276,5324,1152,14484,6092,2437
10,distributed,10,smoc2,131.158,5036,5036,4656,18660,8852,2442
10,distributed,10,smoc3,127.138,4296,4568,18860,23112,8460,2436
10,distributed,10,smoc4,129.974,4588,1348,676,14260,7168,2441
10,distributed,10,smoc5,128.894,4900,4644,992,16316,8372,2438
10,distributed,10,smoc6,129.108,0,4732,6148,14056,7904,2436
10,distributed,10,smoc7,128.368,0,4728,2524,10496,6460,2438
10,distributed,10,smoc8,127.41,4932,1300,12900,15376,6540,2436
10,distributed,10,smoc9,129.559,4360,4352,0,12164,7844,2438
10,distributed,10,smoc10,131.453,4648,804,0,6532,7064,2443
10,distributed,10,smoc11,35.607,5476,1548,20800,20660,6244,2435
10,centralized,1,smoc1,153.533,3484,1084,13944,7808,5832,2435
10,centralized,1,smoc2,152.79,1400,3660,2228,11372,6028,2436
10,centralized,1,smoc3,151.036,4696,1348,15764,15180,6496,2435
10,centralized,1,smoc4,152.145,4668,1144,15744,14736,6232,2435
10,centralized,1,smoc5,154.957,3376,1328,13640,7828,5764,2433
10,centralized,1,smoc6,151.75,4244,2908,16572,16460,6480,2435
10,centralized,1,smoc7,154.635,248,4740,3604,11132,6516,2434
10,centralized,1,smoc8,153.632,4688,3652,15444,15844,7092,2436
10,centralized,1,smoc9,154.778,4668,1600,16772,15468,5540,2436
10,centralized,1,smoc10,153.416,4160,340,15832,12040,6740,2435
10,centralized,1,smoc11,36.398,836,3184,7836,6532,240,2436
10,centralized,2,smoc1,150.843,84,4596,7220,11808,5892,2438
10,centralized,2,smoc2,150.521,268,5324,2828,12204,5812,2435
10,centralized,2,smoc3,157.091,1192,3328,6716,10468,6676,2438
10,centralized,2,smoc4,153.63,3304,2400,12160,9212,5848,2435
10,centralized,2,smoc5,151.461,500,5324,4576,12680,6136,2437
10,centralized,2,smoc6,152.558,1908,3164,2748,14952,5748,2437
10,centralized,2,smoc7,152.226,1540,3652,3132,12000,5812,2437
10,centralized,2,smoc8,156.094,2600,4412,10288,14692,7820,2434
10,centralized,2,smoc9,152.379,4680,2680,13992,13480,6280,2435
10,centralized,2,smoc10,154.406,4752,1456,14668,12772,5712,2437
10,centralized,2,smoc11,34.481,1736,3628,5836,5508,16,2435
10,centralized,3,smoc1,-2845.503,3628,4036,13664,14352,6920,2436
10,centralized,3,smoc2,-2844.473,0,4688,0,11580,5704,2441
10,centralized,3,smoc3,-2848.012,4520,4252,13820,14324,6824,2434
10,centralized,3,smoc4,-2845.233,1676,4404,4300,15972,7812,2437
10,centralized,3,smoc5,-2845.221,4168,904,13804,13732,6120,2436
10,centralized,3,smoc6,-2846.133,4676,4676,18512,20376,9012,2435
10,centralized,3,smoc7,-2847.341,4228,3000,13192,12324,5440,2436
10,centralized,3,smoc8,-2850.647,2340,2180,0,8652,5968,2440
10,centralized,3,smoc9,-2843.776,1708,1600,0,7288,6148,2439
10,centralized,3,smoc10,-2843.737,4768,1096,0,9940,6388,2441
10,centralized,3,smoc11,35.084,2008,2908,4948,3928,1028,2436
10,centralized,4,smoc1,153.376,2092,4476,5960,7608,6224,2439
10,centralized,4,smoc2,151.597,2328,3168,3748,11900,6700,2436
10,centralized,4,smoc3,153.182,464,4980,5168,14312,6564,2434
10,centralized,4,smoc4,155.524,224,4740,3144,13600,6780,2436
10,centralized,4,smoc5,152.125,1224,4244,2692,14072,6968,2437
10,centralized,4,smoc6,155.79,4516,996,0,7580,6028,2441
10,centralized,4,smoc7,155.538,4676,3184,1976,10100,6148,2440
10,centralized,4,smoc8,156.598,464,4972,3552,12496,6600,2434
10,centralized,4,smoc9,153.88,4676,4408,2920,17776,6820,2437
10,centralized,4,smoc10,156.055,1076,4452,2376,12032,8108,2437
10,centralized,4,smoc11,35.341,5472,1208,14356,16452,5224,2436
10,centralized,5,smoc1,158.12,2556,3020,4944,12512,5656,2437
10,centralized,5,smoc2,159.616,4600,904,8796,15436,6196,2435
10,centralized,5,smoc3,160.218,1124,4576,7384,11516,5676,2436
10,centralized,5,smoc4,163.059,4676,1096,0,8796,6556,2441
10,centralized,5,smoc5,159.473,0,1388,3080,7784,6160,2435
10,centralized,5,smoc6,156.241,0,4728,3276,10932,6748,2436
10,centralized,5,smoc7,157.058,4540,904,11900,8556,5872,2436
10,centralized,5,smoc8,157.644,736,5376,3488,13224,5888,2437
10,centralized,5,smoc9,162.429,0,4732,0,11352,5796,2436
10,centralized,5,smoc10,157.346,516,5008,2344,12116,5528,2436
10,centralized,5,smoc11,37.978,7488,1852,17088,3708,5512,2439
10,centralized,6,smoc1,162.992,4668,1332,5020,7780,5632,2440
10,centralized,6,smoc2,159.607,0,4740,4996,11132,6152,2434
10,centralized,6,smoc3,162.267,1112,3956,2052,12920,5880,2437
10,centralized,6,smoc4,161.457,4676,1600,17156,15224,6472,2435
10,centralized,6,smoc5,161.219,732,5284,5348,11688,5916,2437
10,centralized,6,smoc6,160.457,4568,4292,4724,17248,6920,2438
10,centralized,6,smoc7,162.078,320,4748,3724,11800,7844,2437
10,centralized,6,smoc8,162.687,72,4596,6880,12172,6048,2437
10,centralized,6,smoc9,163.459,888,4340,5272,8768,5812,2434
10,centralized,6,smoc10,158.467,4416,1332,14536,13380,5608,2436
10,centralized,6,smoc11,36.745,5604,1028,1472,836,4708,2438
10,centralized,7,smoc1,162.03,644,4308,5524,10632,5748,2435
10,centralized,7,smoc2,162.046,2264,1348,9172,9984,5808,2437
10,centralized,7,smoc3,161.029,4548,1668,0,8172,6728,2440
10,centralized,7,smoc4,160.746,4668,1104,12376,11076,6132,2437
10,centralized,7,smoc5,160.518,3540,1600,8964,10532,6004,2438
10,centralized,7,smoc6,160.174,4572,1892,9840,9616,5504,2437
10,centralized,7,smoc7,162.127,2252,3104,1416,11024,5400,2440
10,centralized,7,smoc8,161.016,4560,1600,11800,9076,6192,2437
10,centralized,7,smoc9,162.3,4492,1336,12116,10236,6476,2435
10,centralized,7,smoc10,163.485,3992,3904,14500,16068,6580,2435
10,centralized,7,smoc11,36.371,1776,3876,1656,1572,524,2438
10,centralized,8,smoc1,138.572,3824,1144,14756,12076,6232,2436
10,centralized,8,smoc2,139.769,4668,3008,17464,15532,6760,2435
10,centralized,8,smoc3,138.517,4568,748,0,6712,6160,2441
10,centralized,8,smoc4,135.199,4676,1760,11196,17532,5936,2437
10,centralized,8,smoc5,141.418,1320,5640,1168,13900,6836,2442
10,centralized,8,smoc6,136.037,4900,4344,6548,15676,7072,2437
10,centralized,8,smoc7,139.054,4516,1772,10688,9924,5956,2437
10,centralized,8,smoc8,138.783,232,5324,2556,13580,5812,2437
10,centralized,8,smoc9,136.965,4520,1780,12628,10300,5736,2438
10,centralized,8,smoc10,141.065,11712,8552,18796,12844,13100,2444
10,centralized,8,smoc11,28.922,5340,1548,3168,12716,4964,2440
10,centralized,9,smoc1,130.161,4676,2416,17080,13620,6668,2435
10,centralized,9,smoc2,131.118,64,4604,6612,12560,6768,2437
10,centralized,9,smoc3,131.149,1392,4196,6912,11392,5616,2438
10,centralized,9,smoc4,130.346,4572,1760,14672,13632,6084,2435
10,centralized,9,smoc5,130.887,4900,1144,9288,13992,6224,2436
10,centralized,9,smoc6,130.164,80,4596,4920,10140,5776,2436
10,centralized,9,smoc7,133.938,3992,4404,16428,17896,8268,2434
10,centralized,9,smoc8,131.285,464,4924,5648,10148,5932,2434
10,centralized,9,smoc9,131.206,0,4728,0,11536,5828,2437
10,centralized,9,smoc10,134.174,232,4588,6412,10356,5784,2435
10,centralized,9,smoc11,28.121,5688,1636,1008,1684,4928,2438
10,centralized,10,smoc1,126.912,4568,1144,224,6412,6176,2439
10,centralized,10,smoc2,128.827,4688,1600,10080,15152,6328,2437
10,centralized,10,smoc3,129.027,2628,1280,13200,11632,6644,2436
10,centralized,10,smoc4,128.439,4480,1328,11112,10316,6452,2436
10,centralized,10,smoc5,129.978,92,4596,3168,11960,6596,2438
10,centralized,10,smoc6,129.679,4424,4668,17716,18628,8392,2437
10,centralized,10,smoc7,128.856,4668,2908,14732,13696,6452,2435
10,centralized,10,smoc8,127.93,2716,2356,9648,9816,5700,2436
10,centralized,10,smoc9,128.01,952,3904,8488,13712,8196,2436
10,centralized,10,smoc10,129.052,1904,3908,4036,15140,8560,2437
10,centralized,10,smoc11,27.645,6712,2716,7352,5384,6204,2438
10,conventional,1,smoc1,140.079,6656,4104,12756,20108,9836,2437
10,conventional,1,smoc2,138.798,3172,4736,16472,21260,9496,2437
10,conventional,1,smoc3,138.009,3848,4668,18860,24340,11276,2437
10,conventional,1,smoc4,139.537,9112,4688,18456,23144,11812,2438
10,conventional,1,smoc5,140.183,8852,4012,25836,23976,12148,2438
10,conventional,1,smoc6,139.64,7456,4116,15096,18736,10396,2438
10,conventional,1,smoc7,139.844,7532,4400,9688,20180,11224,2442
10,conventional,1,smoc8,140.176,5688,4488,19804,20920,11244,2437
10,conventional,1,smoc9,139.097,8140,3856,29072,25944,10980,2438
10,conventional,1,smoc10,138.896,2968,5160,15432,21088,11716,2438
10,conventional,1,smoc11,29.157,6472,4644,10596,5740,7236,2439
10,conventional,2,smoc1,133.639,7248,3132,6552,15236,10268,2442
10,conventional,2,smoc2,130.934,6952,3988,13372,21256,11092,2441
10,conventional,2,smoc3,129.522,8736,6156,25468,24524,13208,2438
10,conventional,2,smoc4,132.106,7400,5996,17448,25220,10640,2440
10,conventional,2,smoc5,129.236,5524,3640,19228,20032,10236,2437
10,conventional,2,smoc6,128.589,6204,4544,17708,19164,10964,2437
10,conventional,2,smoc7,130.58,5612,3004,11480,19052,10104,2440
10,conventional,2,smoc8,130.78,9792,4952,24180,22256,11600,2438
10,conventional,2,smoc9,129.752,6936,4404,18988,19252,11008,2436
10,conventional,2,smoc10,131.615,1600,6292,10316,22384,11532,2438
10,conventional,2,smoc11,38.324,5496,1028,1540,5864,6392,2441
10,conventional,3,smoc1,126.306,3744,8564,6784,18576,12872,2439
10,conventional,3,smoc2,128.024,8948,7780,27368,25588,12904,2438
10,conventional,3,smoc3,127.104,7740,8308,7264,20488,13300,2442
10,conventional,3,smoc4,126.784,6904,5432,25592,26240,11428,2438
10,conventional,3,smoc5,127.075,2724,5768,11992,19128,9944,2438
10,conventional,3,smoc6,127.293,7124,5432,19716,21408,11296,2436
10,conventional,3,smoc7,127.764,5236,6628,16856,21692,11260,2441
10,conventional,3,smoc8,125.864,3340,6068,8904,18968,12428,2439
10,conventional,3,smoc9,126.765,7232,5420,17188,21948,11864,2439
10,conventional,3,smoc10,127.853,1620,7816,12468,17864,11184,2439
10,conventional,3,smoc11,37.323,944,128,5400,5940,4520,2434
10,conventional,4,smoc1,129.18,5328,4148,14152,18104,10004,2440
10,conventional,4,smoc2,128.115,2444,5964,8948,18376,10216,2438
10,conventional,4,smoc3,126.723,3916,5020,11184,22128,9888,2439
10,conventional,4,smoc4,129.236,7232,4148,21104,22164,10040,2438
10,conventional,4,smoc5,128.583,5880,8688,20640,24904,14656,2439
10,conventional,4,smoc6,127.943,1908,6352,12224,19780,11088,2437
10,conventional,4,smoc7,128.988,8160,8940,11740,22660,14804,2438
10,conventional,4,smoc8,128.439,7232,5764,24012,23728,11108,2439
10,conventional,4,smoc9,128.659,5832,4148,16308,17364,10208,2437
10,conventional,4,smoc10,132.33,5940,6636,16692,18672,10380,2439
10,conventional,4,smoc11,33.350,4704,1028,5792,8024,6324,2435
10,conventional,5,smoc1,130.309,1812,6848,11936,21864,14132,2437
10,conventional,5,smoc2,129.929,7356,5608,20276,24348,11448,2438
10,conventional,5,smoc3,127.943,1488,4732,13072,20088,10112,2438
10,conventional,5,smoc4,131.185,7420,3036,24432,22464,10736,2437
10,conventional,5,smoc5,127.816,9364,4356,25588,23980,11132,2436
10,conventional,5,smoc6,128.776,5252,3076,9536,24084,10172,2439
10,conventional,5,smoc7,128.468,1544,4116,10340,17912,11372,2439
10,conventional,5,smoc8,128.076,4964,7496,14984,23180,12004,2438
10,conventional,5,smoc9,127.907,3372,4536,15740,20900,10628,2438
10,conventional,5,smoc10,130.107,7052,3572,19076,25128,10716,2439
10,conventional,5,smoc11,34.601,6020,2232,7680,2644,6356,2435
10,conventional,6,smoc1,127.894,7284,3928,22336,22636,9792,2439
10,conventional,6,smoc2,131.852,9892,9404,22520,24336,13232,2438
10,conventional,6,smoc3,126.949,7100,3048,21588,21756,11580,2438
10,conventional,6,smoc4,131.261,8636,5516,21464,22368,12384,2439
10,conventional,6,smoc5,128.676,5472,2948,5304,20244,10408,2442
10,conventional,6,smoc6,128.034,5588,4104,14844,19500,10268,2440
10,conventional,6,smoc7,129.454,1532,6556,4612,18520,12900,2443
10,conventional,6,smoc8,128.881,9352,5616,20248,21428,12352,2438
10,conventional,6,smoc9,130.343,6448,4176,9312,17608,11004,2438
10,conventional,6,smoc10,127.526,8016,5060,21508,20812,12316,2438
10,conventional,6,smoc11,35.626,5512,1644,17308,13528,6356,2435
10,conventional,7,smoc1,128.554,3556,6408,14412,23348,12092,2440
10,conventional,7,smoc2,128.152,7908,7644,20668,28892,13808,2438
10,conventional,7,smoc3,127.268,1776,5256,9172,19328,9860,2438
10,conventional,7,smoc4,128.761,792,5992,12376,21492,9988,2440
10,conventional,7,smoc5,128.324,2088,4304,15516,19608,10012,2439
10,conventional,7,smoc6,127.766,3752,5416,9000,18112,10728,2438
10,conventional,7,smoc7,129.579,7052,3724,16348,21984,10560,2440
10,conventional,7,smoc8,127.474,3232,5168,12980,20232,10276,2439
10,conventional,7,smoc9,128.109,6848,5356,7876,19696,10560,2441
10,conventional,7,smoc10,128.416,4820,6332,6180,23156,12876,2440
10,conventional,7,smoc11,36.276,1496,792,9216,9940,5588,2437
10,conventional,8,smoc1,127.819,6096,5412,8828,27876,11344,2442
10,conventional,8,smoc2,128.611,5940,4148,20348,19764,10364,2440
10,conventional,8,smoc3,126.072,7888,4400,21436,24760,10600,2439
10,conventional,8,smoc4,127.184,4448,6216,17472,25060,12572,2437
10,conventional,8,smoc5,125.057,7000,5324,18656,22204,11572,2438
10,conventional,8,smoc6,126.754,7232,5092,18268,24604,10668,2439
10,conventional,8,smoc7,126.885,8792,5428,24232,21256,11612,2437
10,conventional,8,smoc8,125.842,2832,5772,8268,17860,11180,2439
10,conventional,8,smoc9,126.071,7232,4076,23752,24900,10912,2437
10,conventional,8,smoc10,126.528,7972,6628,21300,22568,13084,2438
10,conventional,8,smoc11,37.208,5028,1028,12772,12468,5544,2437
10,conventional,9,smoc1,129.013,7036,4448,21704,21624,12012,2439
10,conventional,9,smoc2,128.825,6308,3048,22952,22192,10012,2438
10,conventional,9,smoc3,129.016,6508,4272,9248,18632,10100,2438
10,conventional,9,smoc4,129.791,8596,6248,22672,21992,13668,2437
10,conventional,9,smoc5,130.408,6936,3120,7948,20000,10368,2443
10,conventional,9,smoc6,129.646,3436,4384,13088,15036,10888,2440
10,conventional,9,smoc7,129.309,8232,5628,21376,22868,12704,2437
10,conventional,9,smoc8,130.621,740,5548,9516,20440,11776,2442
10,conventional,9,smoc9,128.931,6976,4912,19140,23932,12608,2439
10,conventional,9,smoc10,128.229,4952,3636,21012,18792,10124,2439
10,conventional,9,smoc11,38.066,5556,5976,18944,18436,10380,2438
10,conventional,10,smoc1,135.798,5524,4072,25276,22836,10932,2437
10,conventional,10,smoc2,134.462,7548,3076,22320,21144,9780,2439
10,conventional,10,smoc3,134.432,6152,5660,13012,20804,12104,2437
10,conventional,10,smoc4,133.961,3324,3440,10560,19944,11052,2437
10,conventional,10,smoc5,135.344,6892,3048,21180,19380,10204,2438
10,conventional,10,smoc6,135.41,1676,4788,11492,17436,11432,2437
10,conventional,10,smoc7,134.376,4744,5172,13696,18412,11748,2438
10,conventional,10,smoc8,135.442,10320,7400,24572,25312,12336,2437
10,conventional,10,smoc9,134.207,2692,4732,13180,20932,12688,2437
10,conventional,10,smoc10,133.597,8844,4684,21904,21820,11228,2437
10,conventional,10,smoc11,35.736,5496,2464,11948,13828,7180,2437
8,conventional,1,smoc1,109.298,5644,2504,14304,25320,9668,2435
8,conventional,1,smoc2,109.335,7636,7640,17340,23464,13820,2439
8,conventional,1,smoc3,109.303,3868,6916,16368,27304,14836,2438
8,conventional,1,smoc4,108.998,8928,8680,30492,27796,15740,2438
8,conventional,1,smoc5,109.397,932,5584,8768,20948,9628,2439
8,conventional,1,smoc6,109.31,4236,8776,15288,27824,15460,2436
8,conventional,1,smoc7,109.143,8528,8336,27600,26392,15280,2438
8,conventional,1,smoc8,109.368,2656,7176,15884,25024,14176,2440
8,conventional,1,smoc9,30.475,6996,2640,7508,1012,6536,2438
8,conventional,2,smoc1,109.298,5644,2504,14304,25320,9668,2435
8,conventional,2,smoc2,109.335,7636,7640,17340,23464,13820,2439
8,conventional,2,smoc3,109.303,3868,6916,16368,27304,14836,2438
8,conventional,2,smoc4,108.998,8928,8680,30492,27796,15740,2438
8,conventional,2,smoc5,109.397,932,5584,8768,20948,9628,2439
8,conventional,2,smoc6,109.31,4236,8776,15288,27824,15460,2436
8,conventional,2,smoc7,109.143,8528,8336,27600,26392,15280,2438
8,conventional,2,smoc8,109.368,2656,7176,15884,25024,14176,2440
8,conventional,2,smoc9,30.475,6996,2640,7508,1012,6536,2438
8,conventional,3,smoc1,98.644,3148,4384,15472,18288,9676,2439
8,conventional,3,smoc2,99.418,6960,3400,22104,20724,9864,2437
8,conventional,3,smoc3,99.019,8808,7284,24780,25140,14232,2437
8,conventional,3,smoc4,99.163,4652,6936,15652,24264,13608,2439
8,conventional,3,smoc5,101.182,3648,4188,8068,22636,12992,2437
8,conventional,3,smoc6,101.296,5548,4072,7960,20892,10548,2443
8,conventional,3,smoc7,101.677,2684,3048,10840,18968,9180,2438
8,conventional,3,smoc8,98.963,3160,7700,12040,23260,14712,2437
8,conventional,3,smoc9,33.803,5544,1548,15184,15868,6196,2437
8,conventional,4,smoc1,96.964,1736,6804,9552,22704,13712,2438
8,conventional,4,smoc2,97.898,2792,3048,9124,19428,9148,2438
8,conventional,4,smoc3,95.647,2504,6984,14928,23596,14144,2437
8,conventional,4,smoc4,96.461,616,5460,3688,19896,12748,2443
8,conventional,4,smoc5,97.674,3316,5640,11152,22856,13268,2439
8,conventional,4,smoc6,97.286,1840,5692,7104,21776,12368,2445
8,conventional,4,smoc7,96.186,1716,5568,10524,19540,12484,2439
8,conventional,4,smoc8,94.722,3260,7740,13320,24764,15132,2438
8,conventional,4,smoc9,31.277,820,3184,5872,4648,4508,2437
8,conventional,5,smoc1,92.52,5240,2964,10604,23832,10584,2441
8,conventional,5,smoc2,93.661,5524,4116,13492,20924,10280,2440
8,conventional,5,smoc3,93.174,932,4592,13300,22148,9684,2437
8,conventional,5,smoc4,93.082,8444,7340,18752,24076,12500,2438
8,conventional,5,smoc5,92.98,7052,6612,19988,25528,14320,2439
8,conventional,5,smoc6,93.377,1076,4448,11188,18008,9364,2438
8,conventional,5,smoc7,92.983,7732,6208,26460,26276,13196,2437
8,conventional,5,smoc8,93.387,916,4608,12292,19312,9568,2437
8,conventional,5,smoc9,29.009,4852,4776,11372,12088,11264,2438
8,conventional,6,smoc1,96.638,2296,4728,15924,22548,11476,2440
8,conventional,6,smoc2,100.186,4312,3048,8032,19960,9356,2441
8,conventional,6,smoc3,96.246,5720,3088,23520,24360,9816,2438
8,conventional,6,smoc4,97.991,8388,7384,23412,27888,15016,2438
8,conventional,6,smoc5,99.539,1980,7480,10188,19996,12512,2438
8,conventional,6,smoc6,97.892,736,5560,6036,12752,9600,2443
8,conventional,6,smoc7,96.13,7368,7436,25008,28924,13484,2439
8,conventional,6,smoc8,97.886,7420,3352,26936,25504,10208,2438
8,conventional,6,smoc9,30.856,6120,2144,4996,4188,6336,2437
8,conventional,7,smoc1,96.005,3128,6800,17396,25860,14644,2437
8,conventional,7,smoc2,98.439,7064,5052,26668,21856,9036,2439
8,conventional,7,smoc3,99.776,1612,5324,9460,20400,10896,2438
8,conventional,7,smoc4,98.117,3260,7576,17136,26692,14624,2437
8,conventional,7,smoc5,100.032,2432,6752,14232,21496,13852,2437
8,conventional,7,smoc6,97.301,8928,9928,24740,25156,15868,2439
8,conventional,7,smoc7,98.208,4060,8388,14272,24956,15452,2438
8,conventional,7,smoc8,98.347,9600,7984,29280,27840,16224,2439
8,conventional,7,smoc9,31.922,6396,3056,10284,14124,7900,2439
8,conventional,8,smoc1,94.189,7052,3120,14848,22444,10064,2441
8,conventional,8,smoc2,94.759,8692,6068,22228,21208,12764,2438
8,conventional,8,smoc3,94.507,4676,4220,6336,17776,10080,2445
8,conventional,8,smoc4,93.82,3436,7876,14004,25384,14748,2437
8,conventional,8,smoc5,93.803,8324,5380,24944,22600,12752,2437
8,conventional,8,smoc6,94.067,7052,6612,20956,22876,14320,2440
8,conventional,8,smoc7,94.896,2692,4400,2884,16692,8760,2444
8,conventional,8,smoc8,94.459,5988,6804,24232,22788,13596,2437
8,conventional,8,smoc9,30.306,5496,1028,4560,8700,5156,2439
8,conventional,9,smoc1,101.718,7840,3232,11852,17252,11204,2439
8,conventional,9,smoc2,102.14,5532,3932,5976,18068,10776,2445
8,conventional,9,smoc3,102.39,6608,3120,13344,22824,9620,2442
8,conventional,9,smoc4,101.266,7076,7204,23404,23888,14784,2438
8,conventional,9,smoc5,101.33,4072,5612,12604,24400,13172,2438
8,conventional,9,smoc6,101.211,9768,8816,24024,22312,15624,2439
8,conventional,9,smoc7,101.574,2612,6804,15824,21500,13868,2439
8,conventional,9,smoc8,101.817,5436,3088,6788,16976,9960,2443
8,conventional,9,smoc9,37.430,14896,13668,18824,18904,19012,2446
8,conventional,10,smoc1,96.628,2532,3120,19728,20712,9336,2438
8,conventional,10,smoc2,96.179,7944,7712,27148,26968,14824,2437
8,conventional,10,smoc3,99.037,1732,6612,12464,24584,14512,2440
8,conventional,10,smoc4,97.189,5940,3700,22500,26140,11456,2440
8,conventional,10,smoc5,98.595,4048,8532,12872,23652,15660,2436
8,conventional,10,smoc6,96.49,9644,7624,26020,23896,13640,2438
8,conventional,10,smoc7,97.109,2996,4964,16920,23204,11292,2436
8,conventional,10,smoc8,98.156,6772,6752,17936,22236,10756,2436
8,conventional,10,smoc9,34.795,12324,11124,23900,20296,16388,2445